firm_id,year,ntoken,short_hits,long_hits,ShortTerm,ShortTerm_A,ShortTerm_B,LongTerm,RD_intensity,Size,ROA,Lev,Age,Growth,Cash,true_intensity,source
F0001,2019,183,9,5,49.1803,38.2514,10.929,27.3224,14.5228,25.0737,0.0524,0.9297,4.0,0.1983,0.1196,36.348,demo_synthetic
F0001,2020,184,9,5,48.913,32.6087,16.3043,27.1739,12.8736,23.2714,0.0903,0.6979,17.0,0.162,0.1146,42.108,demo_synthetic
F0001,2021,190,11,4,57.8947,47.3684,10.5263,21.0526,10.3387,23.0742,-0.005,0.7247,13.0,0.3414,0.033,46.956,demo_synthetic
F0001,2022,188,11,7,58.5106,42.5532,15.9574,37.234,8.8225,20.9318,-0.0037,0.5282,17.0,0.2089,0.0894,39.668,demo_synthetic
F0001,2023,182,8,6,43.956,32.967,10.989,32.967,9.6067,21.24,0.0742,0.5648,4.0,0.1069,-0.0069,48.965,demo_synthetic
F0002,2019,189,8,6,42.328,15.873,26.455,31.746,10.4194,24.222,0.0915,0.7221,24.0,-0.1151,0.0074,26.686,demo_synthetic
F0002,2020,184,3,10,16.3043,10.8696,5.4348,54.3478,15.5651,23.386,0.065,0.6189,12.0,0.2133,-0.0006,18.006,demo_synthetic
F0002,2021,183,6,10,32.7869,10.929,21.8579,54.6448,12.9314,22.419,-0.0062,0.05,7.0,0.2233,0.1107,22.325,demo_synthetic
F0002,2022,189,6,11,31.746,15.873,15.873,58.2011,14.7022,21.4829,0.0431,0.1154,15.0,0.2334,0.0942,17.766,demo_synthetic
F0002,2023,185,4,9,21.6216,10.8108,10.8108,48.6486,15.019,20.5623,0.0832,0.3636,9.0,0.2045,0.0567,18.633,demo_synthetic
F0003,2019,179,6,6,33.5196,16.7598,16.7598,33.5196,11.8872,21.3612,0.0533,0.5481,6.0,-0.1266,0.0983,35.45,demo_synthetic
F0003,2020,178,5,5,28.0899,16.8539,11.236,28.0899,15.0249,19.8592,0.0103,0.4693,11.0,0.4814,0.0479,41.293,demo_synthetic
F0003,2021,182,8,10,43.956,16.4835,27.4725,54.9451,14.6407,23.6474,0.0747,0.2538,11.0,0.0885,-0.0227,34.979,demo_synthetic
F0003,2022,178,4,4,22.4719,22.4719,0.0,22.4719,13.5478,21.3928,0.0397,0.3674,18.0,-0.0852,0.0661,34.181,demo_synthetic
F0003,2023,185,8,9,43.2432,21.6216,21.6216,48.6486,11.3604,22.9176,-0.0207,0.6922,9.0,0.2964,0.0588,30.89,demo_synthetic
F0004,2019,185,12,7,64.8649,37.8378,27.027,37.8378,10.043,21.9568,0.1347,0.3976,15.0,0.3145,0.0296,53.576,demo_synthetic
F0004,2020,176,4,7,22.7273,5.6818,17.0455,39.7727,15.2629,21.2275,0.0437,0.569,7.0,0.205,0.0717,47.121,demo_synthetic
F0004,2021,180,5,7,27.7778,5.5556,22.2222,38.8889,14.0127,23.318,0.1544,0.2919,2.0,-0.0526,0.0567,49.276,demo_synthetic
F0004,2022,179,7,3,39.1061,11.1732,27.933,16.7598,10.6501,21.6647,0.0922,0.7062,18.0,-0.1151,-0.0221,47.022,demo_synthetic
F0004,2023,182,9,4,49.4505,27.4725,21.978,21.978,9.2937,19.6902,0.0621,0.5818,7.0,0.1188,0.1039,42.764,demo_synthetic
F0005,2019,183,9,6,49.1803,43.7158,5.4645,32.7869,11.2889,22.7027,0.0799,0.3183,7.0,0.2378,0.0101,48.969,demo_synthetic
F0005,2020,180,7,6,38.8889,27.7778,11.1111,33.3333,12.0649,24.1361,-0.004,0.2635,19.0,-0.0522,0.1176,53.073,demo_synthetic
F0005,2021,180,11,3,61.1111,11.1111,50.0,16.6667,9.6513,22.0289,0.0663,0.2732,17.0,0.4837,0.0597,57.594,demo_synthetic
F0005,2022,180,9,4,50.0,22.2222,27.7778,22.2222,11.6354,21.8272,0.1247,0.2494,16.0,0.2463,0.1242,45.016,demo_synthetic
F0005,2023,177,8,7,45.1977,5.6497,39.548,39.548,13.392,25.5398,0.019,0.7228,6.0,0.2767,0.0709,54.557,demo_synthetic
F0006,2019,182,8,5,43.956,21.978,21.978,27.4725,12.2009,23.0371,0.0464,0.6896,3.0,0.2009,-0.0185,49.621,demo_synthetic
F0006,2020,182,14,7,76.9231,32.967,43.956,38.4615,5.9722,20.6128,-0.0208,0.2331,21.0,0.1576,0.0621,46.458,demo_synthetic
F0006,2021,175,8,5,45.7143,22.8571,22.8571,28.5714,9.6633,21.1387,0.0287,0.4344,25.0,-0.0439,0.0761,52.272,demo_synthetic
F0006,2022,178,10,4,56.1798,5.618,50.5618,22.4719,9.7683,21.7715,0.0906,0.6378,20.0,-0.0995,0.0493,51.435,demo_synthetic
F0006,2023,181,13,4,71.8232,38.674,33.1492,22.0994,10.1652,22.4335,0.0414,0.2633,7.0,0.1918,0.032,53.724,demo_synthetic
F0007,2019,180,9,9,50.0,22.2222,27.7778,50.0,10.2257,21.3226,0.0284,0.388,21.0,-0.0298,-0.0382,30.947,demo_synthetic
F0007,2020,178,2,7,11.236,0.0,11.236,39.3258,16.6997,22.9447,0.022,0.5439,8.0,-0.1743,0.0631,29.277,demo_synthetic
F0007,2021,177,6,7,33.8983,5.6497,28.2486,39.548,10.025,20.7323,-0.0158,0.4906,10.0,-0.2232,0.0454,36.93,demo_synthetic
F0007,2022,178,7,7,39.3258,16.8539,22.4719,39.3258,13.6626,22.8955,0.0241,0.5063,16.0,0.1836,0.0625,33.509,demo_synthetic
F0007,2023,183,9,11,49.1803,21.8579,27.3224,60.1093,8.2454,18.8846,0.1088,0.7285,22.0,0.28,0.0088,37.914,demo_synthetic
F0008,2019,179,5,4,27.933,11.1732,16.7598,22.3464,13.363,22.2796,0.0155,0.7664,19.0,-0.0271,0.0323,32.083,demo_synthetic
F0008,2020,180,4,8,22.2222,16.6667,5.5556,44.4444,14.2881,20.6928,0.0091,0.6138,7.0,-0.0799,0.1054,30.459,demo_synthetic
F0008,2021,187,8,11,42.7807,16.0428,26.738,58.8235,10.5142,23.5483,-0.0292,0.7954,24.0,0.1238,0.111,34.649,demo_synthetic
F0008,2022,184,6,8,32.6087,27.1739,5.4348,43.4783,10.5536,21.7482,0.0541,0.3262,23.0,0.1596,0.0854,33.515,demo_synthetic
F0008,2023,189,7,10,37.037,21.164,15.873,52.9101,15.8026,23.3362,0.0829,0.4801,3.0,0.3169,0.0044,33.096,demo_synthetic
F0009,2019,192,1,10,5.2083,0.0,5.2083,52.0833,16.1057,20.9648,0.0584,0.2606,7.0,0.0774,-0.0159,4.1,demo_synthetic
F0009,2020,187,1,9,5.3476,5.3476,0.0,48.1283,16.6606,23.4119,0.0258,0.5165,17.0,0.1106,0.0201,7.517,demo_synthetic
F0009,2021,191,4,7,20.9424,15.7068,5.2356,36.6492,14.3442,18.9516,-0.046,0.26,20.0,0.1936,0.0626,14.986,demo_synthetic
F0009,2022,189,1,14,5.291,5.291,0.0,74.0741,15.6896,22.7146,0.0373,0.8996,15.0,-0.2374,0.0313,12.23,demo_synthetic
F0009,2023,191,3,12,15.7068,0.0,15.7068,62.8272,12.8537,22.8286,0.037,0.6316,4.0,-0.0873,0.1016,8.71,demo_synthetic
F0010,2019,185,9,6,48.6486,10.8108,37.8378,32.4324,11.8267,22.9146,0.0079,0.654,15.0,0.39,-0.0042,56.316,demo_synthetic
F0010,2020,184,6,3,32.6087,27.1739,5.4348,16.3043,12.1211,21.6801,0.0729,0.6445,25.0,0.1864,0.0248,52.662,demo_synthetic
F0010,2021,185,8,3,43.2432,16.2162,27.027,16.2162,13.9186,24.9467,0.0477,0.5899,9.0,0.3017,0.089,53.897,demo_synthetic
F0010,2022,183,8,5,43.7158,38.2514,5.4645,27.3224,10.5698,22.5002,0.0007,0.5682,22.0,-0.1483,-0.0267,57.007,demo_synthetic
F0010,2023,191,10,4,52.356,41.8848,10.4712,20.9424,12.6645,21.7778,0.0329,0.0919,1.0,0.4716,0.0038,46.056,demo_synthetic
F0011,2019,189,5,9,26.455,15.873,10.582,47.619,12.734,22.0433,0.0011,0.487,17.0,0.4109,-0.0025,22.431,demo_synthetic
F0011,2020,187,2,11,10.6952,5.3476,5.3476,58.8235,15.1537,20.3196,0.0592,0.7019,2.0,0.1403,0.0702,20.285,demo_synthetic
F0011,2021,185,4,10,21.6216,0.0,21.6216,54.0541,11.6232,22.2237,0.0135,0.7381,12.0,0.0897,0.0843,24.802,demo_synthetic
F0011,2022,188,3,14,15.9574,15.9574,0.0,74.4681,16.3163,23.1245,0.0476,0.3727,6.0,0.1077,0.0872,22.976,demo_synthetic
F0011,2023,184,2,7,10.8696,10.8696,0.0,38.0435,15.7082,21.9267,0.0616,0.5702,11.0,0.1691,0.0135,31.454,demo_synthetic
F0012,2019,184,6,9,32.6087,10.8696,21.7391,48.913,13.936,22.4735,0.09,0.5215,21.0,0.307,-0.0379,22.585,demo_synthetic
F0012,2020,185,2,10,10.8108,5.4054,5.4054,54.0541,16.618,23.1617,0.0711,0.32,21.0,0.0335,0.0765,17.676,demo_synthetic
F0012,2021,182,3,11,16.4835,0.0,16.4835,60.4396,14.9012,21.4866,0.0353,0.1158,25.0,-0.0874,0.0688,23.635,demo_synthetic
F0012,2022,183,4,7,21.8579,0.0,21.8579,38.2514,13.6074,22.5425,0.0361,0.5373,2.0,0.2467,0.0948,16.688,demo_synthetic
F0012,2023,182,2,12,10.989,0.0,10.989,65.9341,14.8074,22.1839,0.0359,0.1848,1.0,-0.243,-0.0251,16.715,demo_synthetic
F0013,2019,183,2,13,10.929,5.4645,5.4645,71.0383,15.4442,23.0118,0.0372,0.5675,13.0,-0.0163,0.036,15.253,demo_synthetic
F0013,2020,184,0,14,0.0,0.0,0.0,76.087,16.3909,22.0039,0.0814,0.4679,11.0,0.1405,0.0572,7.122,demo_synthetic
F0013,2021,177,0,12,0.0,0.0,0.0,67.7966,15.0676,21.8522,0.0369,0.1828,18.0,-0.0605,0.0852,4.148,demo_synthetic
F0013,2022,187,2,9,10.6952,5.3476,5.3476,48.1283,15.3864,22.6226,0.0556,0.4157,17.0,0.3927,0.1591,8.826,demo_synthetic
F0013,2023,183,1,11,5.4645,5.4645,0.0,60.1093,16.3889,20.4557,0.0017,0.1156,20.0,0.3919,-0.0097,4.253,demo_synthetic
F0014,2019,178,6,4,33.7079,16.8539,16.8539,22.4719,11.9788,21.3426,0.019,0.2503,5.0,0.0668,-0.0244,36.459,demo_synthetic
F0014,2020,184,9,6,48.913,21.7391,27.1739,32.6087,11.3566,22.5936,0.0479,0.3151,20.0,-0.03,0.0286,41.017,demo_synthetic
F0014,2021,180,3,10,16.6667,11.1111,5.5556,55.5556,15.1074,23.9039,-0.0053,0.4725,14.0,0.117,0.0194,40.014,demo_synthetic
F0014,2022,185,9,4,48.6486,21.6216,27.027,21.6216,7.9047,20.9246,0.0097,0.668,10.0,0.1258,0.1205,41.707,demo_synthetic
F0014,2023,188,9,5,47.8723,42.5532,5.3191,26.5957,12.2045,21.196,0.0492,0.2138,7.0,0.0979,0.0713,32.54,demo_synthetic
F0015,2019,186,9,6,48.3871,32.2581,16.129,32.2581,9.288,21.7464,-0.0143,0.8427,10.0,0.328,-0.0019,36.853,demo_synthetic
F0015,2020,189,7,8,37.037,15.873,21.164,42.328,12.0074,21.997,0.0806,0.3976,21.0,-0.065,0.0049,34.441,demo_synthetic
F0015,2021,179,7,6,39.1061,11.1732,27.933,33.5196,12.8136,22.853,-0.0306,0.3027,4.0,-0.0156,-0.0205,44.213,demo_synthetic
F0015,2022,187,10,9,53.4759,32.0856,21.3904,48.1283,8.1408,21.6508,0.0236,0.6982,20.0,-0.0119,0.0544,44.902,demo_synthetic
F0015,2023,184,11,7,59.7826,43.4783,16.3043,38.0435,9.5338,21.2605,0.0174,0.5237,12.0,0.1244,0.1394,42.453,demo_synthetic
F0016,2019,188,9,3,47.8723,15.9574,31.9149,15.9574,12.0636,23.388,0.0875,0.551,16.0,0.1081,-0.0059,50.062,demo_synthetic
F0016,2020,183,10,4,54.6448,32.7869,21.8579,21.8579,9.9999,21.5391,0.0701,0.788,11.0,0.2889,0.0754,42.24,demo_synthetic
F0016,2021,181,8,6,44.1989,33.1492,11.0497,33.1492,15.0141,23.2724,0.1432,0.493,3.0,0.3121,0.0252,42.568,demo_synthetic
F0016,2022,182,8,8,43.956,38.4615,5.4945,43.956,13.127,23.1272,0.084,0.6278,5.0,0.2437,0.1291,49.318,demo_synthetic
F0016,2023,188,13,7,69.1489,31.9149,37.234,37.234,6.852,22.7866,-0.0272,0.4989,8.0,-0.1793,0.1026,55.705,demo_synthetic
F0017,2019,184,4,10,21.7391,21.7391,0.0,54.3478,13.177,21.0456,0.064,0.48,14.0,-0.0972,-0.0796,31.657,demo_synthetic
F0017,2020,185,7,9,37.8378,5.4054,32.4324,48.6486,11.6932,20.5621,0.0441,0.3805,13.0,0.3262,0.0496,28.474,demo_synthetic
F0017,2021,183,9,8,49.1803,21.8579,27.3224,43.7158,7.3785,21.8863,-0.0226,0.5621,8.0,0.0593,0.028,38.63,demo_synthetic
F0017,2022,184,11,5,59.7826,21.7391,38.0435,27.1739,8.1105,21.249,0.0195,0.5219,20.0,0.0531,0.1005,43.599,demo_synthetic
F0017,2023,184,6,10,32.6087,16.3043,16.3043,54.3478,13.1528,22.9078,0.0638,0.3062,13.0,0.1641,-0.0208,30.305,demo_synthetic
F0018,2019,186,7,11,37.6344,21.5054,16.129,59.1398,11.2185,22.4409,0.0406,0.1671,18.0,0.0976,0.085,31.545,demo_synthetic
F0018,2020,188,8,6,42.5532,21.2766,21.2766,31.9149,11.4023,20.8894,0.0821,0.4923,25.0,0.1881,0.0147,41.139,demo_synthetic
F0018,2021,190,12,5,63.1579,21.0526,42.1053,26.3158,7.4807,20.4819,-0.0377,0.4664,19.0,0.0058,-0.0198,51.46,demo_synthetic
F0018,2022,188,8,10,42.5532,21.2766,21.2766,53.1915,8.6943,20.9825,-0.0078,0.7145,10.0,-0.1186,-0.0376,36.252,demo_synthetic
F0018,2023,191,11,4,57.5916,36.6492,20.9424,20.9424,10.493,23.9923,0.0777,0.4144,2.0,0.4158,0.068,45.232,demo_synthetic
F0019,2019,183,2,5,10.929,0.0,10.929,27.3224,12.1337,20.2547,-0.0154,0.3019,3.0,-0.0648,0.0069,14.32,demo_synthetic
F0019,2020,186,0,8,0.0,0.0,0.0,43.0108,17.8204,22.5374,0.0729,0.2547,11.0,0.3367,0.1324,4.0,demo_synthetic
F0019,2021,184,2,10,10.8696,5.4348,5.4348,54.3478,18.4319,21.7688,0.0498,0.1865,6.0,0.3269,0.0393,11.984,demo_synthetic
F0019,2022,189,3,11,15.873,10.582,5.291,58.2011,14.0332,21.4527,0.0671,0.387,5.0,0.3463,0.0848,11.581,demo_synthetic
F0019,2023,186,0,12,0.0,0.0,0.0,64.5161,16.047,23.4755,0.093,0.6476,23.0,0.1171,0.1003,4.0,demo_synthetic
F0020,2019,183,2,7,10.929,10.929,0.0,38.2514,14.7272,19.3344,-0.0011,0.3332,4.0,0.2582,0.033,27.037,demo_synthetic
F0020,2020,182,4,8,21.978,10.989,10.989,43.956,13.5198,22.0086,-0.0115,0.7586,18.0,-0.065,0.0677,21.598,demo_synthetic
F0020,2021,183,8,6,43.7158,10.929,32.7869,32.7869,12.6862,22.6669,0.0805,0.3538,24.0,0.1195,0.054,32.381,demo_synthetic
F0020,2022,181,9,6,49.7238,22.0994,27.6243,33.1492,10.4563,22.1581,0.068,0.7153,23.0,-0.1008,0.04,36.53,demo_synthetic
F0020,2023,183,7,11,38.2514,10.929,27.3224,60.1093,12.4343,22.5,0.0978,0.7032,14.0,-0.0675,0.0851,32.106,demo_synthetic
F0021,2019,182,7,4,38.4615,32.967,5.4945,21.978,12.8205,22.211,0.0652,0.4457,2.0,0.011,0.0374,37.746,demo_synthetic
F0021,2020,188,5,8,26.5957,21.2766,5.3191,42.5532,12.4412,19.2473,0.0235,0.3645,1.0,-0.0641,-0.0709,26.255,demo_synthetic
F0021,2021,184,6,8,32.6087,27.1739,5.4348,43.4783,12.5194,21.1214,0.0775,0.4007,25.0,0.027,0.016,32.76,demo_synthetic
F0021,2022,180,9,3,50.0,27.7778,22.2222,16.6667,10.2291,22.2527,0.0509,0.5702,1.0,0.1479,0.0483,46.222,demo_synthetic
F0021,2023,182,6,11,32.967,16.4835,16.4835,60.4396,12.961,20.9991,0.026,0.1368,14.0,0.1119,0.0934,28.812,demo_synthetic
F0022,2019,188,8,9,42.5532,10.6383,31.9149,47.8723,13.0924,23.0702,0.0472,0.5957,11.0,0.3422,-0.0229,27.899,demo_synthetic
F0022,2020,186,5,11,26.8817,21.5054,5.3763,59.1398,13.013,23.5706,-0.0024,0.5398,19.0,0.1098,0.0365,29.234,demo_synthetic
F0022,2021,187,3,7,16.0428,16.0428,0.0,37.4332,13.6433,23.3441,0.0572,0.4115,17.0,-0.0276,0.0671,27.956,demo_synthetic
F0022,2022,183,4,9,21.8579,10.929,10.929,49.1803,14.9681,22.3866,0.1076,0.1559,16.0,0.2534,0.051,19.594,demo_synthetic
F0022,2023,187,8,8,42.7807,26.738,16.0428,42.7807,12.4453,22.3446,0.0196,0.3423,8.0,0.1073,0.0176,31.256,demo_synthetic
F0023,2019,187,10,7,53.4759,32.0856,21.3904,37.4332,6.8589,19.0952,0.0879,0.579,5.0,0.1457,0.0613,42.727,demo_synthetic
F0023,2020,189,6,7,31.746,10.582,21.164,37.037,14.4809,22.7943,0.0354,0.6598,9.0,-0.1268,0.0122,43.874,demo_synthetic
F0023,2021,183,9,4,49.1803,21.8579,27.3224,21.8579,9.567,22.3106,0.0162,0.5549,25.0,0.0153,-0.0471,38.356,demo_synthetic
F0023,2022,189,9,8,47.619,26.455,21.164,42.328,11.5132,21.5799,0.0582,0.3962,15.0,0.1256,-0.025,48.827,demo_synthetic
F0023,2023,189,9,4,47.619,31.746,15.873,21.164,10.7983,22.3523,0.0382,0.6129,11.0,0.0957,0.059,47.654,demo_synthetic
F0024,2019,189,1,12,5.291,5.291,0.0,63.4921,16.6267,23.5948,0.0283,0.5259,8.0,0.0078,0.0701,6.762,demo_synthetic
F0024,2020,187,4,9,21.3904,16.0428,5.3476,48.1283,15.1874,23.2198,-0.0201,0.2627,18.0,-0.2151,0.13,14.052,demo_synthetic
F0024,2021,191,2,10,10.4712,10.4712,0.0,52.356,15.1532,22.8519,0.0547,0.2049,13.0,-0.3594,0.0753,5.293,demo_synthetic
F0024,2022,188,4,9,21.2766,5.3191,15.9574,47.8723,17.4866,23.5384,0.0339,0.2254,7.0,0.4772,0.0497,11.173,demo_synthetic
F0024,2023,191,1,7,5.2356,0.0,5.2356,36.6492,16.7711,22.5758,0.1099,0.3876,16.0,-0.3388,0.0497,6.027,demo_synthetic
F0025,2019,184,10,6,54.3478,27.1739,27.1739,32.6087,11.9356,23.5165,0.0552,0.05,13.0,0.4436,-0.0568,48.213,demo_synthetic
F0025,2020,187,10,4,53.4759,26.738,26.738,21.3904,10.2901,21.2132,0.072,0.56,25.0,0.265,0.1226,47.197,demo_synthetic
F0025,2021,188,11,10,58.5106,31.9149,26.5957,53.1915,10.3742,21.4416,-0.0221,0.2415,4.0,0.353,0.0773,45.75,demo_synthetic
F0025,2022,186,7,3,37.6344,21.5054,16.129,16.129,11.2673,19.7561,0.0229,0.4051,24.0,0.126,0.0957,50.136,demo_synthetic
F0025,2023,188,9,7,47.8723,26.5957,21.2766,37.234,11.0172,22.1129,0.0609,0.6477,25.0,0.0504,-0.0538,41.407,demo_synthetic
F0026,2019,178,3,11,16.8539,11.236,5.618,61.7978,14.2562,21.9936,-0.0245,0.05,9.0,0.3033,-0.0462,26.633,demo_synthetic
F0026,2020,186,4,11,21.5054,16.129,5.3763,59.1398,13.0397,24.2051,0.0171,0.3704,25.0,0.2016,0.0455,25.554,demo_synthetic
F0026,2021,181,5,6,27.6243,11.0497,16.5746,33.1492,14.4743,23.105,-0.0157,0.261,6.0,0.0449,0.0349,22.901,demo_synthetic
F0026,2022,185,8,9,43.2432,37.8378,5.4054,48.6486,9.2117,21.1345,0.0941,0.5708,17.0,0.4047,0.0232,28.205,demo_synthetic
F0026,2023,179,7,8,39.1061,22.3464,16.7598,44.6927,10.4836,23.6545,0.1053,0.4778,22.0,-0.0282,0.122,37.821,demo_synthetic
F0027,2019,182,1,8,5.4945,5.4945,0.0,43.956,17.7537,22.7427,0.0689,0.3628,11.0,0.3894,0.0755,18.22,demo_synthetic
F0027,2020,181,2,8,11.0497,0.0,11.0497,44.1989,14.8581,21.3574,0.1265,0.5646,9.0,0.3295,0.1374,11.142,demo_synthetic
F0027,2021,180,2,9,11.1111,5.5556,5.5556,50.0,16.1084,23.5353,0.0177,0.3521,12.0,0.1198,0.0251,12.054,demo_synthetic
F0027,2022,178,4,13,22.4719,11.236,11.236,73.0337,14.7346,22.6338,0.0337,0.3976,25.0,-0.1341,0.0382,13.158,demo_synthetic
F0027,2023,182,6,13,32.967,16.4835,16.4835,71.4286,13.6038,22.5788,-0.0007,0.6371,13.0,0.3911,0.075,23.749,demo_synthetic
F0028,2019,179,5,9,27.933,16.7598,11.1732,50.2793,16.2599,24.3676,0.0486,0.679,12.0,0.1635,0.0816,26.098,demo_synthetic
F0028,2020,180,4,8,22.2222,0.0,22.2222,44.4444,15.2623,22.778,0.0457,0.5864,3.0,0.5461,0.03,22.867,demo_synthetic
F0028,2021,178,3,5,16.8539,11.236,5.618,28.0899,15.2139,20.1985,0.0474,0.6108,10.0,0.3937,0.101,21.738,demo_synthetic
F0028,2022,185,5,11,27.027,0.0,27.027,59.4595,12.7089,21.5792,0.035,0.6439,19.0,-0.2837,-0.0122,23.838,demo_synthetic
F0028,2023,179,4,14,22.3464,11.1732,11.1732,78.2123,13.3127,21.0165,0.0228,0.5377,9.0,0.0812,-0.0108,18.646,demo_synthetic
F0029,2019,186,10,7,53.7634,32.2581,21.5054,37.6344,11.8842,24.929,0.1041,0.4226,18.0,0.0061,0.007,46.705,demo_synthetic
F0029,2020,179,7,7,39.1061,11.1732,27.933,39.1061,11.5117,21.26,0.0596,0.3771,9.0,0.1301,0.0443,45.108,demo_synthetic
F0029,2021,180,7,4,38.8889,27.7778,11.1111,22.2222,11.0731,22.0248,0.0739,0.57,19.0,-0.2523,0.0245,41.204,demo_synthetic
F0029,2022,181,14,4,77.3481,38.674,38.674,22.0994,7.7484,20.5576,0.0703,0.3577,21.0,0.3891,0.0406,46.574,demo_synthetic
F0029,2023,180,9,7,50.0,27.7778,22.2222,38.8889,9.8337,24.8221,0.0879,0.5029,25.0,-0.0263,0.0409,40.982,demo_synthetic
F0030,2019,182,6,6,32.967,10.989,21.978,32.967,12.5434,22.5496,0.0056,0.5,8.0,0.0334,0.0451,41.208,demo_synthetic
F0030,2020,181,5,6,27.6243,16.5746,11.0497,33.1492,13.3408,23.4781,0.0574,0.8266,19.0,0.2106,0.0648,37.698,demo_synthetic
F0030,2021,183,12,2,65.5738,38.2514,27.3224,10.929,7.6587,22.6028,-0.011,0.313,2.0,-0.1852,0.0824,50.719,demo_synthetic
F0030,2022,177,11,4,62.1469,33.8983,28.2486,22.5989,8.5714,21.0534,-0.0767,0.3487,15.0,0.1184,0.0098,60.116,demo_synthetic
F0030,2023,186,10,6,53.7634,43.0108,10.7527,32.2581,12.4549,22.525,0.0835,0.4266,19.0,0.3269,0.0954,45.828,demo_synthetic
F0031,2019,180,8,6,44.4444,22.2222,22.2222,33.3333,10.8255,21.859,0.0035,0.2228,3.0,0.5968,-0.0117,49.671,demo_synthetic
F0031,2020,184,15,2,81.5217,38.0435,43.4783,10.8696,4.4687,20.3827,0.049,0.3906,10.0,0.1489,0.0873,50.243,demo_synthetic
F0031,2021,179,9,6,50.2793,16.7598,33.5196,33.5196,11.4718,20.2968,0.0626,0.6733,19.0,0.0764,0.0564,56.287,demo_synthetic
F0031,2022,183,10,4,54.6448,21.8579,32.7869,21.8579,12.1526,22.0428,0.0248,0.3972,1.0,-0.0871,0.0362,54.115,demo_synthetic
F0031,2023,183,6,7,32.7869,16.3934,16.3934,38.2514,9.8288,22.9696,0.0299,0.7263,18.0,-0.0339,-0.0015,40.096,demo_synthetic
F0032,2019,188,2,8,10.6383,0.0,10.6383,42.5532,12.6172,20.6462,0.0362,0.6597,25.0,0.0444,-0.0204,12.244,demo_synthetic
F0032,2020,185,4,10,21.6216,5.4054,16.2162,54.0541,11.1689,23.6205,-0.027,0.6994,21.0,-0.1374,0.0414,14.645,demo_synthetic
F0032,2021,185,2,10,10.8108,0.0,10.8108,54.0541,13.7169,22.1542,-0.0065,0.4109,18.0,-0.0622,0.0264,12.649,demo_synthetic
F0032,2022,186,3,8,16.129,0.0,16.129,43.0108,14.8418,21.6,0.0774,0.5297,20.0,0.1769,0.0143,14.779,demo_synthetic
F0032,2023,187,1,12,5.3476,5.3476,0.0,64.1711,15.3196,22.0311,-0.0413,0.4025,10.0,0.4964,-0.0121,5.05,demo_synthetic
F0033,2019,186,8,6,43.0108,32.2581,10.7527,32.2581,9.9318,21.4293,0.0228,0.4892,5.0,-0.1486,-0.0121,39.932,demo_synthetic
F0033,2020,182,7,7,38.4615,16.4835,21.978,38.4615,10.9303,21.2316,-0.0872,0.1266,15.0,0.124,0.0337,43.795,demo_synthetic
F0033,2021,185,10,7,54.0541,32.4324,21.6216,37.8378,7.0697,20.1263,0.0457,0.6868,20.0,0.3743,-0.0282,41.604,demo_synthetic
F0033,2022,182,9,7,49.4505,27.4725,21.978,38.4615,11.8962,21.8751,0.1089,0.3174,25.0,0.2348,0.1093,44.003,demo_synthetic
F0033,2023,183,8,4,43.7158,5.4645,38.2514,21.8579,11.9352,22.5506,0.031,0.0948,6.0,0.2714,0.043,49.266,demo_synthetic
F0034,2019,184,9,9,48.913,38.0435,10.8696,48.913,11.5139,19.9464,0.1132,0.4223,18.0,-0.0158,0.0849,35.42,demo_synthetic
F0034,2020,181,10,7,55.2486,38.674,16.5746,38.674,8.027,19.9528,0.0432,0.6179,25.0,0.2221,-0.0092,45.305,demo_synthetic
F0034,2021,184,5,9,27.1739,21.7391,5.4348,48.913,14.4336,23.5027,0.0528,0.2995,16.0,0.2063,0.1021,30.974,demo_synthetic
F0034,2022,182,4,8,21.978,21.978,0.0,43.956,9.9236,20.1531,0.0393,0.5114,14.0,0.0965,0.0946,34.675,demo_synthetic
F0034,2023,177,5,6,28.2486,28.2486,0.0,33.8983,13.6516,21.9253,0.0163,0.4403,10.0,0.0045,0.0244,33.65,demo_synthetic
F0035,2019,181,4,11,22.0994,16.5746,5.5249,60.7735,15.8566,21.9109,0.0704,0.2475,11.0,0.0924,-0.0274,34.824,demo_synthetic
F0035,2020,183,7,6,38.2514,21.8579,16.3934,32.7869,10.8254,22.0788,0.0618,0.6443,24.0,0.0886,-0.0742,39.041,demo_synthetic
F0035,2021,184,8,4,43.4783,38.0435,5.4348,21.7391,14.4552,22.9091,0.0634,0.3354,11.0,0.0544,0.0604,40.158,demo_synthetic
F0035,2022,180,8,5,44.4444,22.2222,22.2222,27.7778,10.7523,20.9229,0.0248,0.297,4.0,0.2457,0.0739,43.258,demo_synthetic
F0035,2023,188,11,8,58.5106,21.2766,37.234,42.5532,6.3657,21.6059,-0.0348,0.3734,23.0,-0.1904,0.0569,34.568,demo_synthetic
F0036,2019,183,4,9,21.8579,16.3934,5.4645,49.1803,13.1446,20.9579,0.0438,0.4004,15.0,-0.0535,0.0384,31.415,demo_synthetic
F0036,2020,185,6,8,32.4324,21.6216,10.8108,43.2432,13.8754,22.6341,0.0442,0.217,23.0,0.795,0.0622,35.693,demo_synthetic
F0036,2021,190,10,7,52.6316,36.8421,15.7895,36.8421,9.9989,20.2952,0.0059,0.7223,5.0,0.1884,0.1262,34.184,demo_synthetic
F0036,2022,184,8,7,43.4783,21.7391,21.7391,38.0435,9.8377,22.3381,0.0243,0.6058,19.0,-0.0687,0.0859,43.913,demo_synthetic
F0036,2023,187,7,6,37.4332,21.3904,16.0428,32.0856,11.0398,20.0925,0.1028,0.5902,18.0,0.0431,-0.0264,38.469,demo_synthetic
F0037,2019,189,1,12,5.291,5.291,0.0,63.4921,15.5445,22.0779,-0.0262,0.3493,20.0,0.1054,0.029,11.626,demo_synthetic
F0037,2020,190,4,10,21.0526,5.2632,15.7895,52.6316,12.685,21.3339,-0.0075,0.3239,25.0,0.162,0.0161,10.64,demo_synthetic
F0037,2021,181,1,9,5.5249,0.0,5.5249,49.7238,18.7927,24.357,0.0894,0.5222,5.0,0.1224,0.0576,4.966,demo_synthetic
F0037,2022,185,3,7,16.2162,10.8108,5.4054,37.8378,13.9229,20.961,0.0615,0.05,7.0,0.059,0.1384,19.639,demo_synthetic
F0037,2023,186,1,7,5.3763,0.0,5.3763,37.6344,14.1442,21.5806,0.047,0.5606,25.0,0.1731,0.1351,13.094,demo_synthetic
F0038,2019,193,4,7,20.7254,10.3627,10.3627,36.2694,15.7802,20.9693,0.0281,0.0825,17.0,0.2194,0.1604,20.17,demo_synthetic
F0038,2020,189,5,10,26.455,0.0,26.455,52.9101,14.7633,22.1861,0.0393,0.4685,8.0,0.337,0.0673,29.372,demo_synthetic
F0038,2021,185,3,10,16.2162,10.8108,5.4054,54.0541,15.679,22.1983,-0.0415,0.4609,24.0,0.0173,0.1914,18.32,demo_synthetic
F0038,2022,189,3,9,15.873,10.582,5.291,47.619,15.7652,23.6089,0.0564,0.4519,9.0,-0.0826,0.0972,30.878,demo_synthetic
F0038,2023,187,4,10,21.3904,16.0428,5.3476,53.4759,14.8845,23.9376,0.1175,0.4038,25.0,0.0254,-0.0399,29.384,demo_synthetic
F0039,2019,183,9,1,49.1803,32.7869,16.3934,5.4645,7.5222,20.4563,-0.0193,0.8011,21.0,0.1321,0.0756,51.505,demo_synthetic
F0039,2020,192,12,9,62.5,31.25,31.25,46.875,5.2028,19.6132,-0.0256,0.6133,25.0,0.1007,0.0422,42.233,demo_synthetic
F0039,2021,186,9,6,48.3871,21.5054,26.8817,32.2581,10.0744,24.0321,0.0819,0.4951,7.0,-0.2813,0.0738,44.085,demo_synthetic
F0039,2022,181,6,2,33.1492,22.0994,11.0497,11.0497,10.8695,22.1807,0.0002,0.3043,20.0,0.1243,0.1319,48.354,demo_synthetic
F0039,2023,189,13,5,68.7831,47.619,21.164,26.455,7.6718,22.1081,0.0291,0.3934,15.0,0.0528,-0.0064,55.016,demo_synthetic
F0040,2019,183,9,5,49.1803,38.2514,10.929,27.3224,9.2326,21.2574,0.071,0.4901,13.0,-0.1487,0.1057,44.861,demo_synthetic
F0040,2020,179,6,9,33.5196,5.5866,27.933,50.2793,13.2614,21.4589,0.0224,0.1623,4.0,0.0029,-0.0823,44.014,demo_synthetic
F0040,2021,180,5,3,27.7778,27.7778,0.0,16.6667,12.9384,21.0897,0.0434,0.4952,4.0,0.2758,0.1077,41.309,demo_synthetic
F0040,2022,179,5,5,27.933,22.3464,5.5866,27.933,12.0862,22.4853,0.1031,0.5343,24.0,0.1551,0.015,39.951,demo_synthetic
F0040,2023,186,8,7,43.0108,10.7527,32.2581,37.6344,10.71,20.5372,0.0609,0.2514,14.0,0.1664,-0.0353,39.039,demo_synthetic
F0041,2019,184,17,3,92.3913,43.4783,48.913,16.3043,6.6302,23.424,0.035,0.371,4.0,-0.2358,0.0653,54.666,demo_synthetic
F0041,2020,176,4,5,22.7273,11.3636,11.3636,28.4091,14.5931,23.0291,0.0265,0.5447,13.0,0.4568,-0.0045,46.468,demo_synthetic
F0041,2021,176,9,4,51.1364,17.0455,34.0909,22.7273,10.0999,22.7988,-0.0126,0.6273,14.0,-0.0936,0.0574,52.313,demo_synthetic
F0041,2022,184,17,2,92.3913,65.2174,27.1739,10.8696,4.4817,21.3797,0.0353,0.3306,10.0,-0.5697,-0.0275,65.317,demo_synthetic
F0041,2023,186,12,5,64.5161,37.6344,26.8817,26.8817,8.3769,20.7403,0.0393,0.7189,13.0,0.0297,0.0552,51.698,demo_synthetic
F0042,2019,177,7,6,39.548,5.6497,33.8983,33.8983,10.9954,22.0467,0.0936,0.5495,19.0,-0.2401,0.0091,50.185,demo_synthetic
F0042,2020,178,3,5,16.8539,5.618,11.236,28.0899,15.5426,20.6731,-0.0101,0.3908,16.0,0.356,0.0866,49.188,demo_synthetic
F0042,2021,183,11,6,60.1093,38.2514,21.8579,32.7869,9.8776,22.7751,0.0961,0.3852,19.0,0.0629,-0.0779,44.406,demo_synthetic
F0042,2022,179,11,5,61.4525,27.933,33.5196,27.933,12.7589,23.1001,0.0932,0.3854,6.0,0.1296,0.0925,47.585,demo_synthetic
F0042,2023,179,8,5,44.6927,22.3464,22.3464,27.933,10.4455,22.3163,0.0808,0.5615,18.0,-0.0114,0.1721,50.4,demo_synthetic
F0043,2019,179,6,8,33.5196,5.5866,27.933,44.6927,13.9557,22.7877,0.059,0.1566,4.0,-0.0903,0.1097,38.492,demo_synthetic
F0043,2020,188,9,10,47.8723,37.234,10.6383,53.1915,7.6114,20.0117,0.1468,0.3712,16.0,-0.0586,0.0596,38.893,demo_synthetic
F0043,2021,183,8,5,43.7158,10.929,32.7869,27.3224,12.0248,22.958,0.0674,0.8255,22.0,-0.0184,0.1936,44.917,demo_synthetic
F0043,2022,182,6,5,32.967,21.978,10.989,27.4725,13.2821,22.4613,0.0319,0.7177,1.0,0.25,-0.0206,35.532,demo_synthetic
F0043,2023,190,13,3,68.4211,36.8421,31.5789,15.7895,8.4622,22.8195,0.0056,0.4309,20.0,0.2934,0.0134,43.196,demo_synthetic
F0044,2019,180,2,9,11.1111,11.1111,0.0,50.0,16.4612,23.5666,0.022,0.5407,22.0,0.1608,0.1427,11.032,demo_synthetic
F0044,2020,185,1,8,5.4054,5.4054,0.0,43.2432,17.3687,23.2573,-0.0175,0.1334,1.0,-0.3434,0.0164,6.563,demo_synthetic
F0044,2021,184,3,14,16.3043,5.4348,10.8696,76.087,13.0714,21.4463,0.0404,0.5278,12.0,0.0764,0.0133,15.456,demo_synthetic
F0044,2022,185,1,13,5.4054,5.4054,0.0,70.2703,17.5381,20.7804,0.0573,0.2564,11.0,0.4882,0.1047,9.394,demo_synthetic
F0044,2023,190,5,8,26.3158,15.7895,10.5263,42.1053,12.1156,20.2644,0.0397,0.5142,4.0,-0.0481,0.0122,14.825,demo_synthetic
F0045,2019,185,12,1,64.8649,32.4324,32.4324,5.4054,6.2694,19.9081,0.0395,0.6598,13.0,0.1549,0.0779,48.932,demo_synthetic
F0045,2020,184,10,5,54.3478,27.1739,27.1739,27.1739,9.0203,21.1745,0.0455,0.4092,23.0,-0.0334,0.0536,55.672,demo_synthetic
F0045,2021,188,17,6,90.4255,42.5532,47.8723,31.9149,5.6599,22.0878,0.0277,0.7668,1.0,-0.0367,-0.0287,59.122,demo_synthetic
F0045,2022,180,9,5,50.0,16.6667,33.3333,27.7778,10.8314,23.427,0.0786,0.3925,22.0,0.3162,0.0332,51.497,demo_synthetic
F0045,2023,182,10,5,54.9451,21.978,32.967,27.4725,10.0201,21.5236,0.0802,0.5053,10.0,0.3277,0.0916,52.98,demo_synthetic
F0046,2019,185,8,4,43.2432,21.6216,21.6216,21.6216,11.2649,20.121,0.0671,0.1433,12.0,0.3397,0.1418,49.862,demo_synthetic
F0046,2020,180,5,5,27.7778,16.6667,11.1111,27.7778,14.9749,24.4855,-0.0086,0.455,11.0,-0.2281,0.0956,47.918,demo_synthetic
F0046,2021,186,10,8,53.7634,10.7527,43.0108,43.0108,9.4379,23.6426,0.0107,0.4716,25.0,-0.2325,0.128,40.971,demo_synthetic
F0046,2022,185,12,5,64.8649,27.027,37.8378,27.027,11.5497,24.8969,0.0297,0.1745,14.0,0.1287,0.0368,46.467,demo_synthetic
F0046,2023,185,8,8,43.2432,10.8108,32.4324,43.2432,11.7972,21.6817,-0.0118,0.6356,1.0,0.3842,0.0249,40.107,demo_synthetic
F0047,2019,190,8,11,42.1053,31.5789,10.5263,57.8947,13.1102,22.3137,0.0944,0.7839,13.0,0.4283,0.0388,28.068,demo_synthetic
F0047,2020,180,5,2,27.7778,16.6667,11.1111,11.1111,12.6506,21.8012,0.0721,0.3646,18.0,0.0727,0.0346,39.364,demo_synthetic
F0047,2021,184,5,7,27.1739,21.7391,5.4348,38.0435,14.3998,22.0685,0.0364,0.2577,10.0,0.2009,0.066,34.46,demo_synthetic
F0047,2022,180,3,7,16.6667,5.5556,11.1111,38.8889,12.4709,21.2896,0.048,0.7319,22.0,0.3979,-0.0219,25.862,demo_synthetic
F0047,2023,183,4,8,21.8579,5.4645,16.3934,43.7158,14.4404,23.0219,0.049,0.5045,15.0,0.2231,-0.0385,25.988,demo_synthetic
F0048,2019,185,12,10,64.8649,37.8378,27.027,54.0541,8.2312,21.4639,0.0677,0.4601,3.0,-0.1059,-0.038,42.8,demo_synthetic
F0048,2020,177,10,3,56.4972,28.2486,28.2486,16.9492,9.1571,20.6017,0.0453,0.1746,20.0,-0.0121,0.0628,47.459,demo_synthetic
F0048,2021,180,8,1,44.4444,27.7778,16.6667,5.5556,13.8562,21.3733,0.0709,0.4191,6.0,0.1443,0.0825,51.069,demo_synthetic
F0048,2022,180,6,8,33.3333,22.2222,11.1111,44.4444,15.3013,23.3132,0.1114,0.6677,4.0,0.2184,0.04,41.128,demo_synthetic
F0048,2023,182,9,7,49.4505,27.4725,21.978,38.4615,10.301,21.2519,0.0173,0.2936,14.0,0.135,0.0419,51.125,demo_synthetic
F0049,2019,184,6,7,32.6087,10.8696,21.7391,38.0435,12.9065,23.2118,-0.0014,0.617,16.0,-0.0156,0.08,36.734,demo_synthetic
F0049,2020,177,6,4,33.8983,33.8983,0.0,22.5989,14.3014,22.9543,0.0429,0.4456,19.0,0.0739,0.0284,35.143,demo_synthetic
F0049,2021,188,11,10,58.5106,37.234,21.2766,53.1915,9.0748,21.1732,0.0064,0.3888,7.0,-0.0473,0.1037,39.216,demo_synthetic
F0049,2022,181,5,8,27.6243,16.5746,11.0497,44.1989,12.9728,21.2115,0.0078,0.3286,8.0,0.3098,0.0003,43.234,demo_synthetic
F0049,2023,179,6,8,33.5196,16.7598,16.7598,44.6927,12.914,21.5017,0.0656,0.2575,19.0,0.307,0.1048,44.228,demo_synthetic
F0050,2019,177,3,8,16.9492,11.2994,5.6497,45.1977,16.8421,22.8772,0.0839,0.5275,14.0,0.4969,0.0965,37.207,demo_synthetic
F0050,2020,180,5,9,27.7778,27.7778,0.0,50.0,14.1756,21.1889,0.0761,0.4427,12.0,0.206,0.0907,28.228,demo_synthetic
F0050,2021,181,5,9,27.6243,11.0497,16.5746,49.7238,14.4643,23.0818,0.0583,0.3566,16.0,0.341,0.0438,33.298,demo_synthetic
F0050,2022,189,11,6,58.2011,47.619,10.582,31.746,9.6262,20.4623,0.0196,0.3809,11.0,0.3331,0.0509,36.794,demo_synthetic
F0050,2023,185,4,6,21.6216,10.8108,10.8108,32.4324,15.2504,21.5563,0.0245,0.4331,18.0,0.1346,0.0022,32.919,demo_synthetic
F0051,2019,182,5,9,27.4725,16.4835,10.989,49.4505,15.0763,21.8328,0.0377,0.05,4.0,0.1263,-0.0289,34.558,demo_synthetic
F0051,2020,181,3,7,16.5746,11.0497,5.5249,38.674,15.3665,21.7377,0.0167,0.3018,22.0,0.2535,0.0117,33.282,demo_synthetic
F0051,2021,188,8,8,42.5532,26.5957,15.9574,42.5532,9.0575,21.4373,0.0258,0.7209,13.0,-0.3842,0.0859,35.267,demo_synthetic
F0051,2022,184,5,9,27.1739,21.7391,5.4348,48.913,14.3403,20.9372,0.0291,0.4611,5.0,0.1185,0.0758,36.301,demo_synthetic
F0051,2023,180,5,2,27.7778,11.1111,16.6667,11.1111,14.5112,24.5466,0.0812,0.3233,2.0,0.0031,0.0432,33.304,demo_synthetic
F0052,2019,182,8,4,43.956,16.4835,27.4725,21.978,10.2089,21.8977,0.0226,0.4818,14.0,-0.0708,0.0191,43.203,demo_synthetic
F0052,2020,183,8,6,43.7158,38.2514,5.4645,32.7869,10.3612,21.0976,0.0788,0.1806,8.0,-0.3634,0.0918,45.79,demo_synthetic
F0052,2021,189,9,4,47.619,15.873,31.746,21.164,9.5661,22.6658,0.0528,0.3967,8.0,-0.0999,0.027,45.831,demo_synthetic
F0052,2022,191,15,4,78.534,47.1204,31.4136,20.9424,6.216,22.3291,0.0312,0.2729,13.0,-0.0585,-0.0047,45.044,demo_synthetic
F0052,2023,186,10,6,53.7634,32.2581,21.5054,32.2581,12.2073,21.6214,0.0455,0.4473,13.0,-0.1221,0.0139,49.618,demo_synthetic
F0053,2019,187,7,9,37.4332,16.0428,21.3904,48.1283,10.4176,20.5411,0.0024,0.7293,16.0,-0.0019,0.0114,26.4,demo_synthetic
F0053,2020,192,2,10,10.4167,10.4167,0.0,52.0833,13.6417,19.6206,0.1186,0.2509,5.0,0.1452,0.0122,11.98,demo_synthetic
F0053,2021,190,4,15,21.0526,15.7895,5.2632,78.9474,12.6315,21.6926,0.0083,0.8936,16.0,0.0085,-0.0195,15.519,demo_synthetic
F0053,2022,193,4,7,20.7254,10.3627,10.3627,36.2694,13.2826,22.254,-0.0248,0.5725,23.0,0.1724,0.1109,23.13,demo_synthetic
F0053,2023,184,3,6,16.3043,5.4348,10.8696,32.6087,14.0733,22.8621,0.061,0.2458,4.0,0.2197,0.0041,11.925,demo_synthetic
F0054,2019,183,5,11,27.3224,16.3934,10.929,60.1093,14.9225,21.7161,0.0446,0.3767,10.0,0.1067,0.0375,19.888,demo_synthetic
F0054,2020,187,4,14,21.3904,5.3476,16.0428,74.8663,11.9759,22.4216,0.0316,0.1697,3.0,0.0444,0.0835,15.1,demo_synthetic
F0054,2021,183,1,5,5.4645,5.4645,0.0,27.3224,16.3606,23.329,0.0902,0.2357,11.0,0.2968,0.0234,19.177,demo_synthetic
F0054,2022,183,2,11,10.929,10.929,0.0,60.1093,14.8945,20.2522,0.0942,0.4223,1.0,0.2593,0.0475,18.379,demo_synthetic
F0054,2023,180,4,11,22.2222,16.6667,5.5556,61.1111,12.5161,20.8899,0.0341,0.4422,25.0,0.1946,0.0995,22.056,demo_synthetic
F0055,2019,179,6,10,33.5196,22.3464,11.1732,55.8659,14.8347,21.8135,0.0237,0.6815,5.0,0.2941,0.0532,36.915,demo_synthetic
F0055,2020,182,4,10,21.978,5.4945,16.4835,54.9451,12.023,20.2707,0.0273,0.6787,12.0,0.4472,0.0778,31.967,demo_synthetic
F0055,2021,179,6,7,33.5196,11.1732,22.3464,39.1061,10.8361,21.4575,0.1245,0.2093,9.0,0.154,0.1107,36.609,demo_synthetic
F0055,2022,181,7,6,38.674,33.1492,5.5249,33.1492,11.2691,20.3051,0.0504,0.4151,9.0,-0.021,0.1139,39.692,demo_synthetic
F0055,2023,182,9,6,49.4505,32.967,16.4835,32.967,9.1921,23.3915,0.0242,0.7162,10.0,-0.1418,0.1165,46.664,demo_synthetic
F0056,2019,185,3,12,16.2162,10.8108,5.4054,64.8649,16.7382,22.8662,0.0497,0.4248,3.0,0.0816,0.1577,13.597,demo_synthetic
F0056,2020,183,0,13,0.0,0.0,0.0,71.0383,15.2456,21.8671,0.0384,0.2895,11.0,0.2159,0.0251,17.394,demo_synthetic
F0056,2021,188,5,15,26.5957,15.9574,10.6383,79.7872,14.5591,21.6422,0.0747,0.5096,9.0,-0.3939,0.0748,18.522,demo_synthetic
F0056,2022,186,3,11,16.129,16.129,0.0,59.1398,13.8753,20.0763,-0.0227,0.1252,5.0,0.0861,-0.0075,16.002,demo_synthetic
F0056,2023,180,4,3,22.2222,11.1111,11.1111,16.6667,13.1127,20.5526,0.025,0.589,20.0,-0.0568,0.0582,16.137,demo_synthetic
F0057,2019,188,5,12,26.5957,15.9574,10.6383,63.8298,11.9003,21.1548,0.0585,0.2088,23.0,0.0836,0.0604,13.706,demo_synthetic
F0057,2020,181,3,7,16.5746,0.0,16.5746,38.674,13.5204,21.0929,-0.0106,0.5113,4.0,0.5202,-0.0499,11.521,demo_synthetic
F0057,2021,191,4,6,20.9424,15.7068,5.2356,31.4136,15.2308,19.8618,0.0952,0.4631,3.0,0.0418,0.0562,21.606,demo_synthetic
F0057,2022,182,3,11,16.4835,10.989,5.4945,60.4396,14.908,20.4177,0.0286,0.3014,8.0,-0.2798,0.0041,20.879,demo_synthetic
F0057,2023,189,3,11,15.873,10.582,5.291,58.2011,13.605,22.2176,0.0834,0.2543,20.0,-0.1054,0.1416,13.549,demo_synthetic
F0058,2019,180,2,9,11.1111,0.0,11.1111,50.0,16.171,23.5921,-0.003,0.3287,8.0,-0.1562,0.1235,14.839,demo_synthetic
F0058,2020,186,4,14,21.5054,10.7527,10.7527,75.2688,15.2203,22.229,0.0475,0.6094,6.0,0.3904,0.0974,22.131,demo_synthetic
F0058,2021,187,3,15,16.0428,5.3476,10.6952,80.2139,13.4424,19.7118,0.0852,0.5495,9.0,0.266,0.0071,13.649,demo_synthetic
F0058,2022,186,3,9,16.129,16.129,0.0,48.3871,15.4433,23.5269,0.0254,0.4512,5.0,0.083,-0.002,17.414,demo_synthetic
F0058,2023,185,5,14,27.027,10.8108,16.2162,75.6757,17.7659,23.2181,-0.0091,0.2227,14.0,0.3241,0.0869,23.871,demo_synthetic
F0059,2019,189,3,11,15.873,10.582,5.291,58.2011,14.1997,23.1863,-0.0382,0.6658,7.0,0.1358,0.0992,22.803,demo_synthetic
F0059,2020,185,4,15,21.6216,16.2162,5.4054,81.0811,13.5229,22.1396,0.0636,0.5117,5.0,0.2827,0.062,24.759,demo_synthetic
F0059,2021,186,1,13,5.3763,0.0,5.3763,69.8925,16.1333,22.2338,0.0597,0.4553,21.0,-0.0043,0.0831,14.551,demo_synthetic
F0059,2022,188,5,8,26.5957,21.2766,5.3191,42.5532,16.211,21.4364,0.1422,0.3362,14.0,0.5079,0.0686,25.565,demo_synthetic
F0059,2023,185,4,10,21.6216,10.8108,10.8108,54.0541,12.1997,20.9313,0.0323,0.3062,8.0,0.1173,-0.0187,16.184,demo_synthetic
F0060,2019,190,3,15,15.7895,5.2632,10.5263,78.9474,16.213,23.367,0.0087,0.3526,2.0,0.0705,-0.0006,10.515,demo_synthetic
F0060,2020,192,4,10,20.8333,5.2083,15.625,52.0833,13.8306,21.4977,0.0072,0.2252,6.0,-0.1402,0.0767,15.717,demo_synthetic
F0060,2021,192,2,13,10.4167,5.2083,5.2083,67.7083,17.5611,23.4886,0.0332,0.4176,2.0,0.5554,0.1104,4.648,demo_synthetic
F0060,2022,185,2,13,10.8108,5.4054,5.4054,70.2703,13.0624,22.6314,0.0375,0.512,25.0,-0.2493,0.1096,13.043,demo_synthetic
F0060,2023,184,1,13,5.4348,5.4348,0.0,70.6522,18.4923,23.6936,0.0538,0.864,6.0,-0.1002,-0.0615,9.946,demo_synthetic
F0061,2019,184,6,9,32.6087,21.7391,10.8696,48.913,15.075,22.5515,0.0303,0.2274,8.0,0.252,0.0334,30.296,demo_synthetic
F0061,2020,186,7,9,37.6344,32.2581,5.3763,48.3871,9.0728,20.3746,-0.0762,0.2768,25.0,0.1261,0.0415,35.034,demo_synthetic
F0061,2021,182,3,7,16.4835,5.4945,10.989,38.4615,13.662,22.1595,0.0597,0.8843,7.0,-0.0375,0.105,34.21,demo_synthetic
F0061,2022,187,9,7,48.1283,26.738,21.3904,37.4332,10.7571,20.9168,0.0639,0.4051,10.0,0.0475,0.0748,36.966,demo_synthetic
F0061,2023,187,5,7,26.738,21.3904,5.3476,37.4332,12.7595,21.9139,0.0708,0.8019,4.0,-0.0048,0.1062,33.402,demo_synthetic
F0062,2019,184,7,8,38.0435,16.3043,21.7391,43.4783,13.2955,23.6042,0.0165,0.5069,17.0,0.1404,0.0854,34.404,demo_synthetic
F0062,2020,185,6,8,32.4324,16.2162,16.2162,43.2432,11.6958,22.0091,0.0404,0.5561,19.0,-0.1675,0.086,30.146,demo_synthetic
F0062,2021,181,5,8,27.6243,16.5746,11.0497,44.1989,13.3449,20.5692,0.0577,0.2195,10.0,0.0231,0.0517,31.656,demo_synthetic
F0062,2022,181,4,11,22.0994,0.0,22.0994,60.7735,13.5926,22.3857,0.0509,0.6016,1.0,0.0829,0.1298,23.206,demo_synthetic
F0062,2023,181,5,7,27.6243,11.0497,16.5746,38.674,14.1804,21.7711,0.1114,0.5505,7.0,0.2263,0.0041,31.774,demo_synthetic
F0063,2019,179,1,11,5.5866,0.0,5.5866,61.4525,18.843,23.7186,0.0246,0.2602,10.0,0.3845,0.029,6.085,demo_synthetic
F0063,2020,185,1,15,5.4054,0.0,5.4054,81.0811,15.8234,21.5213,0.0795,0.5473,2.0,-0.0443,0.0399,4.0,demo_synthetic
F0063,2021,185,4,10,21.6216,10.8108,10.8108,54.0541,12.9541,21.6167,-0.0248,0.4265,17.0,-0.2312,-0.0028,17.364,demo_synthetic
F0063,2022,181,3,11,16.5746,0.0,16.5746,60.7735,11.1673,20.1774,0.0439,0.4622,14.0,0.0385,0.0181,14.33,demo_synthetic
F0063,2023,181,4,10,22.0994,11.0497,11.0497,55.2486,13.4285,22.0877,0.0581,0.05,22.0,0.0241,0.1261,19.846,demo_synthetic
F0064,2019,188,12,7,63.8298,37.234,26.5957,37.234,9.2514,21.0839,0.1154,0.7086,1.0,0.2718,0.006,54.515,demo_synthetic
F0064,2020,187,9,6,48.1283,26.738,21.3904,32.0856,10.8825,20.7908,0.0587,0.7445,25.0,0.268,0.1113,51.405,demo_synthetic
F0064,2021,188,14,3,74.4681,21.2766,53.1915,15.9574,8.6274,23.2303,0.0801,0.4723,11.0,0.102,0.0238,60.941,demo_synthetic
F0064,2022,186,7,4,37.6344,32.2581,5.3763,21.5054,13.048,22.2382,0.0784,0.2142,1.0,0.2573,0.0545,52.291,demo_synthetic
F0064,2023,181,6,7,33.1492,16.5746,16.5746,38.674,12.6217,19.5502,0.078,0.5089,13.0,0.3679,0.0316,51.422,demo_synthetic
F0065,2019,186,8,10,43.0108,26.8817,16.129,53.7634,12.4479,23.2597,0.1157,0.7565,21.0,0.3769,0.0796,36.539,demo_synthetic
F0065,2020,187,9,5,48.1283,21.3904,26.738,26.738,9.4016,21.7072,0.017,0.4781,6.0,-0.0098,-0.0167,41.58,demo_synthetic
F0065,2021,190,8,9,42.1053,21.0526,21.0526,47.3684,11.7816,23.0957,0.0601,0.2956,14.0,0.379,0.0381,34.773,demo_synthetic
F0065,2022,185,7,7,37.8378,5.4054,32.4324,37.8378,11.8219,22.2631,0.0445,0.4352,11.0,-0.1663,0.0468,46.958,demo_synthetic
F0065,2023,183,5,7,27.3224,5.4645,21.8579,38.2514,9.9098,20.7974,0.0263,0.5213,12.0,0.0946,0.1013,28.078,demo_synthetic
F0066,2019,192,10,10,52.0833,26.0417,26.0417,52.0833,14.6336,23.593,0.059,0.4805,22.0,0.3082,0.0316,36.278,demo_synthetic
F0066,2020,184,4,7,21.7391,10.8696,10.8696,38.0435,12.1347,22.4899,0.0396,0.3741,25.0,0.032,0.0489,31.371,demo_synthetic
F0066,2021,191,5,11,26.178,15.7068,10.4712,57.5916,13.7467,22.309,-0.0029,0.4178,15.0,0.1196,0.0697,29.471,demo_synthetic
F0066,2022,185,5,7,27.027,10.8108,16.2162,37.8378,12.6258,21.8735,0.0683,0.4079,7.0,0.1189,0.1258,40.593,demo_synthetic
F0066,2023,192,14,9,72.9167,52.0833,20.8333,46.875,8.8013,23.176,0.0697,0.3623,20.0,0.0826,0.0514,43.285,demo_synthetic
F0067,2019,187,5,9,26.738,21.3904,5.3476,48.1283,10.4826,20.9702,0.0023,0.4488,20.0,0.2404,0.0714,21.216,demo_synthetic
F0067,2020,188,3,7,15.9574,10.6383,5.3191,37.234,17.0007,25.0588,-0.0176,0.4363,1.0,0.3346,0.1738,21.374,demo_synthetic
F0067,2021,191,6,11,31.4136,26.178,5.2356,57.5916,10.864,19.9367,0.0841,0.4474,20.0,0.1415,0.0574,21.915,demo_synthetic
F0067,2022,188,4,6,21.2766,10.6383,10.6383,31.9149,13.7666,21.7578,0.0466,0.8212,19.0,-0.0793,0.0296,22.15,demo_synthetic
F0067,2023,185,3,10,16.2162,5.4054,10.8108,54.0541,13.2788,21.8109,0.0705,0.4244,3.0,-0.1017,0.0318,17.356,demo_synthetic
F0068,2019,180,5,7,27.7778,22.2222,5.5556,38.8889,12.3358,20.418,0.0393,0.5162,21.0,0.4207,0.1189,37.224,demo_synthetic
F0068,2020,183,7,4,38.2514,16.3934,21.8579,21.8579,12.3544,21.5027,0.0359,0.3528,9.0,0.2483,0.001,37.717,demo_synthetic
F0068,2021,182,9,8,49.4505,27.4725,21.978,43.956,10.7178,21.1201,0.0173,0.4135,4.0,0.3819,0.0358,33.159,demo_synthetic
F0068,2022,186,11,5,59.1398,16.129,43.0108,26.8817,7.7862,21.9746,0.0413,0.6851,18.0,0.268,0.0095,40.99,demo_synthetic
F0068,2023,177,5,5,28.2486,22.5989,5.6497,28.2486,13.7256,21.2422,0.0531,0.3779,5.0,0.1878,0.1136,28.926,demo_synthetic
F0069,2019,179,5,8,27.933,16.7598,11.1732,44.6927,11.638,21.112,0.0519,0.5731,15.0,0.4187,0.0529,38.493,demo_synthetic
F0069,2020,178,7,4,39.3258,28.0899,11.236,22.4719,14.156,23.7854,0.0145,0.6504,25.0,0.3626,0.0584,36.107,demo_synthetic
F0069,2021,181,4,9,22.0994,11.0497,11.0497,49.7238,15.2106,21.7674,0.0948,0.2972,3.0,0.072,0.0978,28.597,demo_synthetic
F0069,2022,178,4,5,22.4719,11.236,11.236,28.0899,10.2326,21.5388,0.0027,0.7311,24.0,0.129,-0.0144,35.355,demo_synthetic
F0069,2023,180,6,10,33.3333,11.1111,22.2222,55.5556,11.3658,21.2988,-0.0415,0.5492,7.0,-0.0562,0.0602,39.966,demo_synthetic
F0070,2019,185,6,8,32.4324,16.2162,16.2162,43.2432,13.0355,22.9181,0.0549,0.149,20.0,0.395,0.0718,31.896,demo_synthetic
F0070,2020,182,6,7,32.967,21.978,10.989,38.4615,9.7963,21.4137,0.0425,0.5129,15.0,0.306,0.0971,31.844,demo_synthetic
F0070,2021,179,4,5,22.3464,11.1732,11.1732,27.933,13.1424,19.9523,-0.0195,0.3357,9.0,0.2307,0.0118,30.58,demo_synthetic
F0070,2022,185,7,5,37.8378,16.2162,21.6216,27.027,13.7333,23.0943,0.0898,0.6217,3.0,0.2194,0.019,30.319,demo_synthetic
F0070,2023,177,4,9,22.5989,16.9492,5.6497,50.8475,14.8028,20.8444,0.0233,0.3367,11.0,0.1431,-0.0452,40.043,demo_synthetic
F0071,2019,186,10,8,53.7634,21.5054,32.2581,43.0108,7.9398,22.6467,-0.0094,0.586,15.0,0.211,-0.0004,46.297,demo_synthetic
F0071,2020,180,7,6,38.8889,38.8889,0.0,33.3333,12.704,22.0561,0.0232,0.2325,18.0,0.1465,0.0519,43.832,demo_synthetic
F0071,2021,185,15,4,81.0811,54.0541,27.027,21.6216,3.9949,20.7206,0.0066,0.6972,14.0,-0.0121,0.0804,48.348,demo_synthetic
F0071,2022,186,12,7,64.5161,37.6344,26.8817,37.6344,12.0862,22.6344,0.1032,0.2782,14.0,-0.017,0.0208,45.218,demo_synthetic
F0071,2023,181,8,6,44.1989,16.5746,27.6243,33.1492,9.8554,20.5943,0.0159,0.4038,24.0,0.0326,0.0945,43.259,demo_synthetic
F0072,2019,191,5,11,26.178,15.7068,10.4712,57.5916,12.7251,22.1458,0.069,0.395,25.0,0.2464,0.0429,16.921,demo_synthetic
F0072,2020,184,3,9,16.3043,10.8696,5.4348,48.913,13.7776,21.7417,0.044,0.4758,18.0,0.0333,0.0725,19.221,demo_synthetic
F0072,2021,185,4,9,21.6216,5.4054,16.2162,48.6486,14.0671,21.5458,-0.0003,0.2985,14.0,-0.1304,0.1265,14.447,demo_synthetic
F0072,2022,181,4,8,22.0994,16.5746,5.5249,44.1989,14.9833,21.3306,0.0289,0.126,8.0,0.0308,0.0717,20.333,demo_synthetic
F0072,2023,182,2,11,10.989,5.4945,5.4945,60.4396,13.2317,23.5638,0.0145,0.4681,23.0,0.0958,0.0271,10.855,demo_synthetic
F0073,2019,180,3,6,16.6667,5.5556,11.1111,33.3333,13.2844,23.1862,-0.0799,0.464,6.0,0.2259,0.0304,8.264,demo_synthetic
F0073,2020,180,2,14,11.1111,11.1111,0.0,77.7778,13.8481,21.7479,0.0131,0.4576,4.0,-0.0611,0.1081,14.592,demo_synthetic
F0073,2021,180,1,12,5.5556,0.0,5.5556,66.6667,15.4381,20.6515,0.0573,0.382,13.0,0.1732,0.0247,6.046,demo_synthetic
F0073,2022,181,2,12,11.0497,5.5249,5.5249,66.2983,14.4294,21.698,0.0747,0.5453,3.0,0.404,0.0399,15.0,demo_synthetic
F0073,2023,182,3,9,16.4835,0.0,16.4835,49.4505,12.9399,20.2577,0.0096,0.6142,25.0,0.0531,0.0715,12.38,demo_synthetic
F0074,2019,186,11,9,59.1398,21.5054,37.6344,48.3871,10.0535,22.2344,0.072,0.683,6.0,0.0805,0.0892,47.217,demo_synthetic
F0074,2020,189,11,8,58.2011,31.746,26.455,42.328,7.0709,22.955,0.0805,0.8508,9.0,0.0435,0.0614,46.091,demo_synthetic
F0074,2021,188,12,5,63.8298,37.234,26.5957,26.5957,7.4945,20.603,0.0035,0.4039,9.0,0.1822,0.0715,51.186,demo_synthetic
F0074,2022,180,6,5,33.3333,16.6667,16.6667,27.7778,11.4275,23.0978,0.0758,0.513,25.0,0.3178,0.1106,46.433,demo_synthetic
F0074,2023,179,9,3,50.2793,44.6927,5.5866,16.7598,9.4229,21.801,-0.0019,0.7934,15.0,-0.0172,0.0865,43.446,demo_synthetic
F0075,2019,183,4,10,21.8579,16.3934,5.4645,54.6448,13.8792,21.8417,0.0001,0.2357,4.0,0.4161,0.0241,11.43,demo_synthetic
F0075,2020,184,5,8,27.1739,10.8696,16.3043,43.4783,13.189,21.2463,0.0723,0.2573,3.0,0.1973,0.1085,15.03,demo_synthetic
F0075,2021,185,0,12,0.0,0.0,0.0,64.8649,17.2882,24.3031,0.0506,0.6689,12.0,-0.0994,-0.0117,9.294,demo_synthetic
F0075,2022,183,4,10,21.8579,5.4645,16.3934,54.6448,15.6836,22.5001,0.0277,0.5602,21.0,0.0123,0.0786,16.226,demo_synthetic
F0075,2023,180,1,12,5.5556,0.0,5.5556,66.6667,13.5082,20.5593,-0.0351,0.3367,21.0,0.2386,0.0884,5.609,demo_synthetic
F0076,2019,180,13,4,72.2222,38.8889,33.3333,22.2222,9.8024,23.3329,0.0414,0.2951,5.0,0.2792,0.0413,49.374,demo_synthetic
F0076,2020,181,5,7,27.6243,11.0497,16.5746,38.674,12.9358,22.5092,-0.0663,0.3028,11.0,0.2505,-0.0541,42.113,demo_synthetic
F0076,2021,183,12,4,65.5738,32.7869,32.7869,21.8579,7.1207,20.4597,0.006,0.5744,23.0,0.0511,0.0735,52.588,demo_synthetic
F0076,2022,179,9,10,50.2793,16.7598,33.5196,55.8659,11.6129,22.3252,0.1081,0.6277,13.0,0.4844,0.0957,48.706,demo_synthetic
F0076,2023,183,12,6,65.5738,43.7158,21.8579,32.7869,7.1718,19.8904,0.0686,0.4265,15.0,0.511,0.0099,50.165,demo_synthetic
F0077,2019,188,4,7,21.2766,15.9574,5.3191,37.234,16.1121,23.6639,0.061,0.471,1.0,0.2282,0.0735,14.372,demo_synthetic
F0077,2020,184,2,12,10.8696,5.4348,5.4348,65.2174,16.0308,21.1777,0.0705,0.38,18.0,0.2713,0.053,9.292,demo_synthetic
F0077,2021,184,8,9,43.4783,21.7391,21.7391,48.913,9.0421,20.8377,0.0856,0.5665,7.0,-0.1848,0.1401,21.347,demo_synthetic
F0077,2022,180,1,7,5.5556,5.5556,0.0,38.8889,15.1896,19.9437,0.0061,0.1678,7.0,0.2364,0.0672,17.726,demo_synthetic
F0077,2023,185,4,11,21.6216,16.2162,5.4054,59.4595,12.3878,21.5483,0.0382,0.5361,12.0,0.0316,0.0501,19.997,demo_synthetic
F0078,2019,186,9,5,48.3871,21.5054,26.8817,26.8817,8.503,22.3448,0.0243,0.7607,11.0,0.3045,0.0574,46.552,demo_synthetic
F0078,2020,182,13,4,71.4286,21.978,49.4505,21.978,6.0535,19.7004,0.0874,0.4827,20.0,-0.169,-0.0426,56.265,demo_synthetic
F0078,2021,186,11,6,59.1398,48.3871,10.7527,32.2581,9.1941,22.2952,-0.0352,0.1973,11.0,0.2167,0.0366,53.67,demo_synthetic
F0078,2022,185,8,6,43.2432,16.2162,27.027,32.4324,10.7192,22.4605,0.0497,0.3607,12.0,0.2566,0.0076,45.485,demo_synthetic
F0078,2023,185,9,6,48.6486,32.4324,16.2162,32.4324,12.4775,22.1136,0.1268,0.4286,19.0,0.386,-0.0323,57.214,demo_synthetic
F0079,2019,188,12,8,63.8298,31.9149,31.9149,42.5532,10.0025,21.2192,0.0625,0.4053,12.0,0.0636,0.0425,37.797,demo_synthetic
F0079,2020,189,11,7,58.2011,31.746,26.455,37.037,9.5637,22.7472,0.0357,0.3114,24.0,0.225,0.0104,42.5,demo_synthetic
F0079,2021,189,5,11,26.455,15.873,10.582,58.2011,12.0921,22.0095,0.0209,0.6411,24.0,0.0665,0.0504,21.278,demo_synthetic
F0079,2022,191,9,11,47.1204,26.178,20.9424,57.5916,11.6003,19.817,0.0522,0.7037,2.0,0.4088,0.0143,33.022,demo_synthetic
F0079,2023,185,3,8,16.2162,5.4054,10.8108,43.2432,15.5648,22.4871,0.0084,0.3229,11.0,-0.0849,0.0789,29.779,demo_synthetic
F0080,2019,185,8,7,43.2432,37.8378,5.4054,37.8378,11.6651,21.3048,0.0342,0.5016,11.0,-0.0212,0.057,50.149,demo_synthetic
F0080,2020,189,10,8,52.9101,42.328,10.582,42.328,13.8013,22.3748,0.0736,0.435,19.0,-0.0827,-0.0466,48.418,demo_synthetic
F0080,2021,189,14,3,74.0741,37.037,37.037,15.873,3.3088,20.0851,-0.0431,0.5829,19.0,-0.214,0.016,54.343,demo_synthetic
F0080,2022,189,14,4,74.0741,42.328,31.746,21.164,7.6535,21.7398,0.0838,0.2585,10.0,0.337,0.1262,54.06,demo_synthetic
F0080,2023,187,8,6,42.7807,16.0428,26.738,32.0856,11.3421,22.0929,0.0127,0.2856,13.0,0.2735,0.0402,50.428,demo_synthetic
F0081,2019,186,5,9,26.8817,10.7527,16.129,48.3871,13.7838,22.6976,0.0343,0.3237,23.0,-0.1531,0.1087,14.903,demo_synthetic
F0081,2020,188,3,12,15.9574,5.3191,10.6383,63.8298,12.9407,21.7806,0.0332,0.4287,22.0,-0.1143,0.0371,15.048,demo_synthetic
F0081,2021,187,4,10,21.3904,10.6952,10.6952,53.4759,13.9385,21.5031,-0.0157,0.3227,9.0,0.4596,0.0249,16.814,demo_synthetic
F0081,2022,188,3,6,15.9574,5.3191,10.6383,31.9149,16.2422,22.1089,0.0369,0.6247,11.0,0.0639,-0.0302,23.927,demo_synthetic
F0081,2023,185,1,10,5.4054,5.4054,0.0,54.0541,16.5274,21.2525,0.0353,0.586,24.0,0.1456,0.14,14.45,demo_synthetic
F0082,2019,186,8,9,43.0108,26.8817,16.129,48.3871,11.7664,23.3592,0.0225,0.3532,7.0,0.0746,0.0613,38.197,demo_synthetic
F0082,2020,181,8,6,44.1989,22.0994,22.0994,33.1492,11.714,22.0596,0.0335,0.6324,15.0,0.0407,0.0635,46.65,demo_synthetic
F0082,2021,182,9,4,49.4505,27.4725,21.978,21.978,10.3496,21.0036,0.0637,0.3845,16.0,0.36,0.0866,44.337,demo_synthetic
F0082,2022,184,10,6,54.3478,32.6087,21.7391,32.6087,11.1169,22.1115,-0.0388,0.1683,1.0,-0.0941,0.091,45.111,demo_synthetic
F0082,2023,183,8,3,43.7158,21.8579,21.8579,16.3934,13.5196,24.2089,0.0353,0.5023,19.0,0.0723,0.0246,46.7,demo_synthetic
F0083,2019,182,9,7,49.4505,27.4725,21.978,38.4615,12.6373,23.1916,0.0483,0.5773,17.0,0.2839,0.0517,44.368,demo_synthetic
F0083,2020,180,9,5,50.0,27.7778,22.2222,27.7778,10.3777,21.5471,-0.0104,0.43,14.0,-0.0938,0.0665,46.691,demo_synthetic
F0083,2021,182,7,5,38.4615,21.978,16.4835,27.4725,10.944,21.174,0.0097,0.0708,14.0,-0.0753,0.0121,41.852,demo_synthetic
F0083,2022,183,11,8,60.1093,21.8579,38.2514,43.7158,10.4203,22.2881,0.0285,0.6124,3.0,-0.0958,0.0583,42.291,demo_synthetic
F0083,2023,178,5,6,28.0899,11.236,16.8539,33.7079,15.0491,22.1879,0.031,0.2263,18.0,-0.1234,-0.0083,52.463,demo_synthetic
F0084,2019,186,11,7,59.1398,26.8817,32.2581,37.6344,10.3777,22.8356,-0.025,0.5887,18.0,0.2342,0.073,53.78,demo_synthetic
F0084,2020,181,12,0,66.2983,38.674,27.6243,0.0,7.7726,22.3683,-0.0406,0.8322,7.0,0.0528,0.0868,60.099,demo_synthetic
F0084,2021,181,9,5,49.7238,22.0994,27.6243,27.6243,8.5411,21.4737,-0.0161,0.7106,16.0,-0.1421,0.0997,47.263,demo_synthetic
F0084,2022,178,10,1,56.1798,39.3258,16.8539,5.618,9.174,20.9884,0.0839,0.4506,9.0,0.3926,0.0084,53.422,demo_synthetic
F0084,2023,179,9,2,50.2793,16.7598,33.5196,11.1732,10.2152,22.6024,0.0725,0.2125,12.0,0.3338,0.0772,57.282,demo_synthetic
F0085,2019,186,8,8,43.0108,26.8817,16.129,43.0108,14.563,24.3807,0.0424,0.05,2.0,-0.3029,0.0056,38.617,demo_synthetic
F0085,2020,191,12,7,62.8272,47.1204,15.7068,36.6492,8.7692,20.8069,0.0324,0.7415,13.0,0.3913,0.0543,36.499,demo_synthetic
F0085,2021,181,4,8,22.0994,16.5746,5.5249,44.1989,13.1864,21.9176,0.057,0.3436,17.0,-0.164,0.0486,28.543,demo_synthetic
F0085,2022,179,4,3,22.3464,0.0,22.3464,16.7598,11.4186,21.5217,0.0349,0.4779,13.0,0.2899,-0.0164,32.45,demo_synthetic
F0085,2023,188,6,4,31.9149,31.9149,0.0,21.2766,11.6177,21.7017,0.0292,0.4126,14.0,0.2916,0.0203,32.654,demo_synthetic
F0086,2019,181,3,12,16.5746,5.5249,11.0497,66.2983,14.6053,20.1457,0.034,0.3567,5.0,-0.1194,0.0385,30.963,demo_synthetic
F0086,2020,185,7,6,37.8378,16.2162,21.6216,32.4324,12.1178,22.9605,-0.0166,0.3978,22.0,0.212,0.0186,33.097,demo_synthetic
F0086,2021,184,7,8,38.0435,21.7391,16.3043,43.4783,14.4107,23.6033,0.1006,0.1519,14.0,0.1264,0.0226,35.846,demo_synthetic
F0086,2022,188,6,6,31.9149,15.9574,15.9574,31.9149,11.9706,20.9333,0.0834,0.3694,7.0,0.005,-0.0005,35.322,demo_synthetic
F0086,2023,184,5,5,27.1739,21.7391,5.4348,27.1739,13.3926,23.0658,0.0357,0.4532,13.0,-0.3397,0.188,32.78,demo_synthetic
F0087,2019,182,7,6,38.4615,10.989,27.4725,32.967,12.422,22.1969,0.0404,0.3739,19.0,-0.0202,0.0499,55.825,demo_synthetic
F0087,2020,185,13,3,70.2703,37.8378,32.4324,16.2162,11.2739,24.6931,0.0441,0.5399,2.0,-0.037,0.0634,53.479,demo_synthetic
F0087,2021,181,7,4,38.674,16.5746,22.0994,22.0994,11.796,22.2385,0.0569,0.6284,4.0,0.1975,0.1308,51.208,demo_synthetic
F0087,2022,185,10,2,54.0541,16.2162,37.8378,10.8108,8.4896,23.9673,-0.0105,0.8414,15.0,0.0524,-0.0131,53.592,demo_synthetic
F0087,2023,186,14,3,75.2688,37.6344,37.6344,16.129,6.4689,20.9832,0.0359,0.8173,1.0,0.379,0.0725,49.733,demo_synthetic
F0088,2019,186,13,3,69.8925,37.6344,32.2581,16.129,7.0801,21.3688,0.079,0.6378,25.0,0.2297,-0.014,54.37,demo_synthetic
F0088,2020,179,5,2,27.933,16.7598,11.1732,11.1732,11.6608,22.4409,-0.0381,0.7788,8.0,0.2711,-0.0199,52.298,demo_synthetic
F0088,2021,185,11,8,59.4595,43.2432,16.2162,43.2432,10.5108,22.9581,0.0511,0.4307,6.0,0.1529,0.0522,50.766,demo_synthetic
F0088,2022,181,9,6,49.7238,22.0994,27.6243,33.1492,8.036,20.9703,0.0318,0.3186,21.0,0.0083,0.0428,49.059,demo_synthetic
F0088,2023,186,12,7,64.5161,48.3871,16.129,37.6344,10.3357,23.8807,0.0405,0.5427,3.0,-0.197,-0.0412,45.709,demo_synthetic
F0089,2019,188,14,8,74.4681,31.9149,42.5532,42.5532,9.3179,22.6123,0.0517,0.4838,2.0,-0.0963,0.0322,49.949,demo_synthetic
F0089,2020,181,8,4,44.1989,33.1492,11.0497,22.0994,9.3821,22.3909,0.0314,0.779,14.0,-0.0816,0.0041,48.282,demo_synthetic
F0089,2021,180,8,8,44.4444,22.2222,22.2222,44.4444,8.942,20.47,0.0524,0.4463,24.0,-0.0684,0.1465,48.106,demo_synthetic
F0089,2022,183,9,8,49.1803,32.7869,16.3934,43.7158,8.2838,20.9324,0.0529,0.5104,25.0,0.0214,-0.0438,46.637,demo_synthetic
F0089,2023,185,12,4,64.8649,32.4324,32.4324,21.6216,10.2023,22.6016,0.0874,0.7717,10.0,0.2436,0.0447,60.534,demo_synthetic
F0090,2019,183,4,9,21.8579,16.3934,5.4645,49.1803,12.8436,20.2721,0.0542,0.563,3.0,0.2844,0.0128,16.052,demo_synthetic
F0090,2020,185,8,8,43.2432,37.8378,5.4054,43.2432,12.9939,22.6927,0.079,0.3221,3.0,-0.1106,0.0644,21.999,demo_synthetic
F0090,2021,179,2,10,11.1732,0.0,11.1732,55.8659,16.4668,23.1461,0.0298,0.5239,22.0,0.1644,0.04,23.12,demo_synthetic
F0090,2022,179,3,7,16.7598,5.5866,11.1732,39.1061,14.4788,19.2173,0.0441,0.1009,2.0,0.072,0.0366,20.645,demo_synthetic
F0090,2023,185,6,10,32.4324,21.6216,10.8108,54.0541,11.7681,20.8234,0.0145,0.3374,10.0,-0.0657,-0.0075,20.704,demo_synthetic
F0091,2019,185,5,7,27.027,10.8108,16.2162,37.8378,11.5047,22.0386,0.0537,0.0799,17.0,0.2178,0.0472,23.003,demo_synthetic
F0091,2020,186,9,11,48.3871,16.129,32.2581,59.1398,7.1553,19.2282,0.0509,0.5073,21.0,-0.0519,0.1115,27.102,demo_synthetic
F0091,2021,185,6,7,32.4324,10.8108,21.6216,37.8378,13.966,22.6892,0.0555,0.0963,1.0,0.2909,-0.0438,29.267,demo_synthetic
F0091,2022,181,4,10,22.0994,22.0994,0.0,55.2486,13.7964,21.2846,0.0176,0.6333,3.0,0.2621,0.0738,27.965,demo_synthetic
F0091,2023,182,4,10,21.978,16.4835,5.4945,54.9451,15.7984,23.9494,0.0306,0.2953,13.0,0.025,0.1426,21.631,demo_synthetic
F0092,2019,187,10,8,53.4759,26.738,26.738,42.7807,7.0024,20.3606,0.0829,0.2219,18.0,0.2391,0.0338,53.602,demo_synthetic
F0092,2020,189,11,7,58.2011,21.164,37.037,37.037,6.6378,22.3743,0.0208,0.3261,24.0,0.0342,0.0594,43.398,demo_synthetic
F0092,2021,181,7,5,38.674,11.0497,27.6243,27.6243,11.5702,20.874,0.0389,0.48,22.0,0.0285,0.029,53.967,demo_synthetic
F0092,2022,180,6,6,33.3333,11.1111,22.2222,33.3333,11.8881,21.3669,0.046,0.2818,3.0,0.1425,-0.0711,38.218,demo_synthetic
F0092,2023,184,9,6,48.913,27.1739,21.7391,32.6087,9.746,21.3191,0.023,0.8853,19.0,0.2073,0.0806,50.824,demo_synthetic
F0093,2019,192,7,9,36.4583,31.25,5.2083,46.875,13.5494,24.5551,0.019,0.5266,7.0,-0.0027,0.082,30.56,demo_synthetic
F0093,2020,190,6,5,31.5789,21.0526,10.5263,26.3158,11.7782,20.7259,0.0336,0.5734,9.0,0.3802,0.0833,34.021,demo_synthetic
F0093,2021,188,10,6,53.1915,31.9149,21.2766,31.9149,6.2186,21.4391,-0.0192,0.4225,22.0,0.0222,0.0385,38.613,demo_synthetic
F0093,2022,187,6,6,32.0856,10.6952,21.3904,32.0856,12.1184,22.1602,0.0255,0.6893,10.0,0.0179,0.0405,38.901,demo_synthetic
F0093,2023,184,5,7,27.1739,16.3043,10.8696,38.0435,14.8909,24.2159,0.0786,0.3675,16.0,-0.081,0.0092,35.366,demo_synthetic
F0094,2019,187,7,5,37.4332,16.0428,21.3904,26.738,10.0476,19.8361,0.0436,0.4537,13.0,0.043,0.0075,43.309,demo_synthetic
F0094,2020,195,12,6,61.5385,46.1538,15.3846,30.7692,9.98,21.15,0.0607,0.6424,15.0,0.1323,0.0866,42.025,demo_synthetic
F0094,2021,187,7,8,37.4332,21.3904,16.0428,42.7807,8.8231,20.8291,-0.0158,0.5683,24.0,-0.0051,0.0815,54.007,demo_synthetic
F0094,2022,190,9,4,47.3684,21.0526,26.3158,21.0526,11.0083,22.3482,0.031,0.6663,13.0,0.2956,-0.0054,41.619,demo_synthetic
F0094,2023,187,6,10,32.0856,10.6952,21.3904,53.4759,11.2329,23.2032,-0.0155,0.3282,23.0,-0.1267,0.0628,38.107,demo_synthetic
F0095,2019,181,5,5,27.6243,27.6243,0.0,27.6243,12.1113,19.2744,0.0454,0.4046,10.0,0.2042,-0.0294,54.954,demo_synthetic
F0095,2020,185,9,4,48.6486,37.8378,10.8108,21.6216,12.4595,23.3429,0.0527,0.3129,1.0,0.2342,0.0488,49.828,demo_synthetic
F0095,2021,185,8,8,43.2432,16.2162,27.027,43.2432,10.0029,21.0665,0.0314,0.4789,8.0,0.1573,0.0246,50.948,demo_synthetic
F0095,2022,180,7,4,38.8889,16.6667,22.2222,22.2222,12.2811,22.3971,0.0631,0.2739,22.0,0.1285,0.0816,46.417,demo_synthetic
F0095,2023,186,13,3,69.8925,37.6344,32.2581,16.129,4.9524,21.0104,-0.0063,0.3744,19.0,0.1509,0.0454,41.004,demo_synthetic
F0096,2019,181,5,6,27.6243,16.5746,11.0497,33.1492,15.0418,22.3626,0.057,0.6581,8.0,0.5347,0.0321,33.044,demo_synthetic
F0096,2020,182,6,7,32.967,10.989,21.978,38.4615,13.4541,23.5826,0.065,0.4016,10.0,0.3055,0.018,29.511,demo_synthetic
F0096,2021,181,5,12,27.6243,11.0497,16.5746,66.2983,12.4425,21.6929,0.0588,0.4168,13.0,0.0177,0.1399,30.679,demo_synthetic
F0096,2022,185,3,10,16.2162,0.0,16.2162,54.0541,15.8036,23.0205,0.0665,0.2329,25.0,0.3185,0.0581,20.911,demo_synthetic
F0096,2023,181,3,9,16.5746,0.0,16.5746,49.7238,14.6393,20.426,0.005,0.05,9.0,0.311,0.068,25.109,demo_synthetic
F0097,2019,179,4,10,22.3464,5.5866,16.7598,55.8659,12.1575,21.5366,0.008,0.2599,6.0,0.1662,0.1424,13.63,demo_synthetic
F0097,2020,176,5,8,28.4091,11.3636,17.0455,45.4545,14.2355,22.76,0.0925,0.4731,13.0,-0.0078,-0.0178,19.553,demo_synthetic
F0097,2021,176,5,8,28.4091,17.0455,11.3636,45.4545,11.5391,22.8695,-0.004,0.3574,7.0,0.2073,0.0076,23.015,demo_synthetic
F0097,2022,180,3,12,16.6667,5.5556,11.1111,66.6667,13.191,22.0908,0.0194,0.5027,8.0,-0.1834,0.1079,22.232,demo_synthetic
F0097,2023,177,3,8,16.9492,5.6497,11.2994,45.1977,14.2149,23.349,0.0403,0.343,21.0,0.1025,0.1157,17.579,demo_synthetic
F0098,2019,182,4,11,21.978,16.4835,5.4945,60.4396,15.4387,22.8401,0.0812,0.5941,7.0,0.1853,0.0395,17.922,demo_synthetic
F0098,2020,189,6,10,31.746,21.164,10.582,52.9101,10.0393,19.535,0.0625,0.5046,14.0,0.2255,0.0229,17.223,demo_synthetic
F0098,2021,183,3,7,16.3934,10.929,5.4645,38.2514,16.672,24.3776,0.0203,0.4336,24.0,-0.1084,0.0322,27.727,demo_synthetic
F0098,2022,181,2,12,11.0497,11.0497,0.0,66.2983,12.156,20.6339,0.1134,0.6901,13.0,-0.0115,0.064,18.058,demo_synthetic
F0098,2023,185,7,9,37.8378,27.027,10.8108,48.6486,14.3425,21.2898,0.0087,0.4845,3.0,0.1581,0.0164,16.475,demo_synthetic
F0099,2019,178,8,7,44.9438,22.4719,22.4719,39.3258,8.4526,21.2715,0.0417,0.4108,15.0,0.0505,0.016,48.166,demo_synthetic
F0099,2020,186,14,2,75.2688,37.6344,37.6344,10.7527,7.8263,23.8591,0.0664,0.5943,2.0,0.1842,0.0986,55.364,demo_synthetic
F0099,2021,184,11,4,59.7826,38.0435,21.7391,21.7391,10.1431,24.1284,0.0496,0.2127,25.0,0.1798,-0.0207,47.052,demo_synthetic
F0099,2022,179,10,4,55.8659,39.1061,16.7598,22.3464,9.0176,22.4716,0.0243,0.6809,20.0,-0.0164,-0.0313,51.239,demo_synthetic
F0099,2023,183,12,6,65.5738,27.3224,38.2514,32.7869,9.2367,20.7453,0.0412,0.1898,10.0,0.2698,0.0587,55.082,demo_synthetic
F0100,2019,183,4,8,21.8579,10.929,10.929,43.7158,15.3806,23.184,-0.0584,0.3872,1.0,0.0087,0.0104,17.632,demo_synthetic
F0100,2020,185,4,10,21.6216,10.8108,10.8108,54.0541,12.4603,20.473,0.0569,0.4111,17.0,0.2512,0.0627,20.603,demo_synthetic
F0100,2021,184,4,11,21.7391,21.7391,0.0,59.7826,14.3407,21.3196,0.0629,0.3823,9.0,-0.0319,0.0319,17.248,demo_synthetic
F0100,2022,179,1,9,5.5866,5.5866,0.0,50.2793,16.7347,22.5334,0.0384,0.3632,5.0,-0.168,0.049,21.806,demo_synthetic
F0100,2023,181,4,13,22.0994,11.0497,11.0497,71.8232,13.9722,23.442,-0.0093,0.5092,17.0,-0.2251,0.0823,19.39,demo_synthetic
F0101,2019,182,6,8,32.967,5.4945,27.4725,43.956,13.0313,24.0071,0.041,0.2868,1.0,0.0518,0.0092,24.861,demo_synthetic
F0101,2020,184,1,10,5.4348,0.0,5.4348,54.3478,15.1089,21.7175,0.0312,0.5154,18.0,0.1761,0.031,16.795,demo_synthetic
F0101,2021,185,4,10,21.6216,10.8108,10.8108,54.0541,17.112,22.5637,0.0477,0.3593,6.0,0.0308,-0.0031,14.559,demo_synthetic
F0101,2022,185,3,11,16.2162,5.4054,10.8108,59.4595,12.2534,19.2739,0.0392,0.6357,19.0,0.3748,0.1001,21.066,demo_synthetic
F0101,2023,181,0,7,0.0,0.0,0.0,38.674,16.599,22.4818,0.0789,0.5442,22.0,0.2684,0.0414,7.715,demo_synthetic
F0102,2019,186,5,9,26.8817,21.5054,5.3763,48.3871,12.1423,20.4176,0.043,0.7116,15.0,0.2147,0.0891,29.618,demo_synthetic
F0102,2020,189,6,9,31.746,21.164,10.582,47.619,11.7224,19.4677,0.0286,0.5321,4.0,0.1657,0.0326,29.482,demo_synthetic
F0102,2021,190,8,8,42.1053,26.3158,15.7895,42.1053,11.7711,22.8823,0.0709,0.7493,16.0,0.1591,-0.0064,27.553,demo_synthetic
F0102,2022,180,5,7,27.7778,16.6667,11.1111,38.8889,15.8204,23.2723,0.0049,0.3453,6.0,0.2731,0.0672,45.327,demo_synthetic
F0102,2023,185,5,8,27.027,5.4054,21.6216,43.2432,12.3855,23.6306,0.0504,0.4544,25.0,-0.1041,0.1564,32.083,demo_synthetic
F0103,2019,187,13,4,69.5187,10.6952,58.8235,21.3904,9.8209,23.6589,0.0876,0.4274,20.0,0.3633,0.106,55.391,demo_synthetic
F0103,2020,182,10,6,54.9451,27.4725,27.4725,32.967,10.8502,20.8708,0.0499,0.2394,6.0,0.1794,0.0581,54.272,demo_synthetic
F0103,2021,182,12,5,65.9341,32.967,32.967,27.4725,8.1118,21.8304,0.0828,0.5323,23.0,0.304,0.0303,59.535,demo_synthetic
F0103,2022,180,10,3,55.5556,33.3333,22.2222,16.6667,10.2225,21.507,0.0391,0.5995,13.0,0.5013,0.042,58.626,demo_synthetic
F0103,2023,177,6,1,33.8983,5.6497,28.2486,5.6497,11.0337,21.7531,0.001,0.4616,13.0,0.1116,0.023,54.173,demo_synthetic
F0104,2019,186,2,14,10.7527,10.7527,0.0,75.2688,13.1263,21.4045,0.0409,0.2957,21.0,-0.293,0.1092,10.274,demo_synthetic
F0104,2020,187,4,11,21.3904,0.0,21.3904,58.8235,15.1399,24.2171,0.0999,0.6707,15.0,0.2558,-0.0191,14.352,demo_synthetic
F0104,2021,185,0,9,0.0,0.0,0.0,48.6486,14.4346,20.5263,-0.0105,0.05,11.0,0.1529,0.1177,4.672,demo_synthetic
F0104,2022,184,3,9,16.3043,10.8696,5.4348,48.913,13.7891,21.3053,-0.0329,0.6569,1.0,0.0537,0.1095,11.763,demo_synthetic
F0104,2023,184,2,13,10.8696,5.4348,5.4348,70.6522,14.3899,21.3163,0.1213,0.6233,5.0,0.1576,-0.0705,5.799,demo_synthetic
F0105,2019,182,4,11,21.978,10.989,10.989,60.4396,15.8065,22.6369,0.0598,0.3587,13.0,0.0582,0.0766,23.874,demo_synthetic
F0105,2020,182,7,7,38.4615,21.978,16.4835,38.4615,8.7686,18.8364,0.0133,0.6046,18.0,-0.1763,-0.0298,32.882,demo_synthetic
F0105,2021,188,8,8,42.5532,31.9149,10.6383,42.5532,9.3133,21.5841,0.0461,0.6196,1.0,0.0913,0.1813,29.244,demo_synthetic
F0105,2022,185,5,8,27.027,5.4054,21.6216,43.2432,14.8212,22.7148,0.0523,0.2583,24.0,-0.0211,0.024,27.518,demo_synthetic
F0105,2023,187,8,9,42.7807,16.0428,26.738,48.1283,11.6979,20.6029,0.0105,0.4824,1.0,0.5926,0.0984,35.809,demo_synthetic
F0106,2019,190,7,6,36.8421,21.0526,15.7895,31.5789,11.8947,20.4098,0.0803,0.3507,13.0,0.0272,0.153,29.263,demo_synthetic
F0106,2020,187,8,5,42.7807,10.6952,32.0856,26.738,12.9198,23.2235,0.0563,0.8075,13.0,0.1493,0.0513,31.343,demo_synthetic
F0106,2021,182,5,6,27.4725,10.989,16.4835,32.967,13.9107,23.651,0.0417,0.0685,22.0,-0.0195,0.0226,34.17,demo_synthetic
F0106,2022,188,6,10,31.9149,15.9574,15.9574,53.1915,13.1799,22.0007,0.0302,0.4636,11.0,0.0357,0.0088,27.638,demo_synthetic
F0106,2023,186,10,5,53.7634,37.6344,16.129,26.8817,10.9004,20.9897,0.0602,0.1396,21.0,-0.2046,0.144,38.383,demo_synthetic
F0107,2019,186,6,8,32.2581,16.129,16.129,43.0108,12.765,21.7646,0.0393,0.1733,18.0,-0.2255,-0.0455,25.747,demo_synthetic
F0107,2020,184,6,7,32.6087,21.7391,10.8696,38.0435,14.4224,20.9811,0.0764,0.4883,6.0,0.2345,-0.0407,30.6,demo_synthetic
F0107,2021,187,6,4,32.0856,21.3904,10.6952,21.3904,14.2176,20.4629,0.0549,0.2779,15.0,-0.2292,0.0552,33.948,demo_synthetic
F0107,2022,190,7,7,36.8421,26.3158,10.5263,36.8421,12.9111,21.6833,0.0071,0.4435,12.0,0.7932,0.0339,34.761,demo_synthetic
F0107,2023,186,3,6,16.129,5.3763,10.7527,32.2581,12.7994,20.698,0.0227,0.3998,14.0,0.2973,0.0674,28.236,demo_synthetic
F0108,2019,190,3,7,15.7895,10.5263,5.2632,36.8421,14.456,23.3185,-0.0125,0.6729,4.0,-0.0236,0.0761,14.784,demo_synthetic
F0108,2020,191,0,14,0.0,0.0,0.0,73.2984,16.4619,22.1684,0.0099,0.5038,12.0,0.1374,0.0602,13.559,demo_synthetic
F0108,2021,192,6,9,31.25,10.4167,20.8333,46.875,11.9671,20.4975,0.0579,0.629,24.0,0.3423,0.0872,18.669,demo_synthetic
F0108,2022,186,1,8,5.3763,0.0,5.3763,43.0108,15.5433,21.4726,-0.0116,0.4855,8.0,0.2143,0.0743,20.168,demo_synthetic
F0108,2023,184,3,8,16.3043,16.3043,0.0,43.4783,16.2347,21.0428,0.0547,0.5522,2.0,0.0455,0.1175,17.758,demo_synthetic
F0109,2019,191,10,9,52.356,41.8848,10.4712,47.1204,12.3052,21.5811,0.0954,0.3482,4.0,0.0869,0.0439,33.011,demo_synthetic
F0109,2020,189,4,12,21.164,10.582,10.582,63.4921,14.3233,22.0201,0.0468,0.7434,8.0,0.2271,0.0938,35.401,demo_synthetic
F0109,2021,190,8,12,42.1053,36.8421,5.2632,63.1579,11.2344,22.2598,0.0066,0.0902,14.0,-0.0202,0.0129,30.494,demo_synthetic
F0109,2022,188,5,11,26.5957,15.9574,10.6383,58.5106,13.1194,24.1453,-0.0354,0.3277,25.0,0.0331,0.0275,24.52,demo_synthetic
F0109,2023,189,7,6,37.037,26.455,10.582,31.746,13.0506,21.9794,0.0581,0.4211,2.0,0.262,-0.0481,42.645,demo_synthetic
F0110,2019,183,6,8,32.7869,21.8579,10.929,43.7158,10.5034,20.3791,-0.0002,0.7846,12.0,0.3196,-0.0117,24.907,demo_synthetic
F0110,2020,184,9,8,48.913,32.6087,16.3043,43.4783,9.2284,21.6996,-0.0068,0.5091,12.0,0.0497,0.024,32.093,demo_synthetic
F0110,2021,180,5,12,27.7778,16.6667,11.1111,66.6667,13.0575,19.2815,0.0193,0.3538,9.0,0.1829,0.0377,21.186,demo_synthetic
F0110,2022,183,3,8,16.3934,10.929,5.4645,43.7158,14.0849,22.2788,0.0887,0.3212,23.0,-0.1185,0.1004,24.173,demo_synthetic
F0110,2023,186,4,9,21.5054,10.7527,10.7527,48.3871,15.0213,22.3512,0.0476,0.5013,25.0,0.1373,0.1018,16.845,demo_synthetic
F0111,2019,180,5,6,27.7778,11.1111,16.6667,33.3333,14.1196,24.2304,0.0433,0.393,13.0,0.041,0.0343,17.704,demo_synthetic
F0111,2020,183,2,12,10.929,10.929,0.0,65.5738,18.807,23.2707,0.0447,0.5108,6.0,0.1731,0.1539,7.643,demo_synthetic
F0111,2021,181,2,13,11.0497,5.5249,5.5249,71.8232,18.7884,24.9352,-0.0055,0.3385,6.0,0.1275,0.0485,16.211,demo_synthetic
F0111,2022,185,4,10,21.6216,5.4054,16.2162,54.0541,14.663,20.8908,0.093,0.472,6.0,0.186,0.043,16.422,demo_synthetic
F0111,2023,182,3,12,16.4835,5.4945,10.989,65.9341,15.2792,22.5691,0.0297,0.6337,18.0,0.597,0.0666,10.714,demo_synthetic
F0112,2019,182,9,6,49.4505,27.4725,21.978,32.967,7.3922,20.4084,0.0267,0.2591,14.0,-0.023,0.043,42.262,demo_synthetic
F0112,2020,179,8,8,44.6927,22.3464,22.3464,44.6927,10.7833,22.1534,0.0369,0.5592,1.0,0.1267,-0.0077,51.529,demo_synthetic
F0112,2021,183,11,7,60.1093,21.8579,38.2514,38.2514,10.5216,21.0267,-0.0026,0.1241,12.0,0.4363,0.0567,46.129,demo_synthetic
F0112,2022,183,10,5,54.6448,27.3224,27.3224,27.3224,8.4595,19.9534,-0.0045,0.5192,7.0,0.0438,0.0336,53.297,demo_synthetic
F0112,2023,182,10,6,54.9451,27.4725,27.4725,32.967,10.8622,22.69,0.029,0.7123,15.0,0.2617,0.0732,41.566,demo_synthetic
F0113,2019,181,2,8,11.0497,11.0497,0.0,44.1989,14.6813,20.5321,0.0336,0.4423,1.0,0.4177,0.0999,12.357,demo_synthetic
F0113,2020,188,3,12,15.9574,10.6383,5.3191,63.8298,11.3295,21.3388,0.0177,0.4612,25.0,0.1702,0.081,9.614,demo_synthetic
F0113,2021,184,4,13,21.7391,10.8696,10.8696,70.6522,14.3931,20.4056,0.0454,0.3339,8.0,-0.168,0.0459,14.713,demo_synthetic
F0113,2022,185,2,9,10.8108,5.4054,5.4054,48.6486,16.1895,21.906,0.0524,0.6944,23.0,0.0151,0.0703,8.143,demo_synthetic
F0113,2023,185,1,12,5.4054,5.4054,0.0,64.8649,17.6442,22.0988,0.1084,0.3889,12.0,0.3726,0.138,12.896,demo_synthetic
F0114,2019,185,7,9,37.8378,16.2162,21.6216,48.6486,12.3406,24.6727,-0.016,0.1775,23.0,0.2613,0.1137,24.364,demo_synthetic
F0114,2020,180,1,7,5.5556,0.0,5.5556,38.8889,16.3353,21.7044,-0.0168,0.3112,12.0,0.1471,0.1071,21.32,demo_synthetic
F0114,2021,186,4,11,21.5054,0.0,21.5054,59.1398,13.4237,20.1777,0.009,0.2934,8.0,0.1948,-0.016,22.951,demo_synthetic
F0114,2022,185,5,7,27.027,16.2162,10.8108,37.8378,13.091,22.4444,0.0249,0.5696,19.0,-0.2437,0.1561,25.362,demo_synthetic
F0114,2023,180,2,10,11.1111,5.5556,5.5556,55.5556,14.028,21.5524,0.0952,0.7044,14.0,0.2003,-0.0202,24.691,demo_synthetic
F0115,2019,182,0,8,0.0,0.0,0.0,43.956,18.5442,22.8649,0.0303,0.1526,16.0,-0.1828,0.0319,11.634,demo_synthetic
F0115,2020,183,5,10,27.3224,27.3224,0.0,54.6448,12.4606,21.7924,0.0315,0.6012,12.0,0.182,0.0267,17.869,demo_synthetic
F0115,2021,189,5,12,26.455,26.455,0.0,63.4921,14.826,21.3968,0.0614,0.3353,17.0,0.4104,0.0713,17.196,demo_synthetic
F0115,2022,186,3,8,16.129,16.129,0.0,43.0108,13.7668,19.2812,0.1021,0.3078,12.0,0.095,0.007,20.133,demo_synthetic
F0115,2023,183,3,9,16.3934,10.929,5.4645,49.1803,14.8614,22.0106,0.1069,0.2429,7.0,0.053,0.0427,12.81,demo_synthetic
F0116,2019,184,4,10,21.7391,5.4348,16.3043,54.3478,12.1943,20.4845,-0.009,0.3098,3.0,0.3241,0.0949,22.324,demo_synthetic
F0116,2020,187,2,13,10.6952,0.0,10.6952,69.5187,16.436,21.9546,-0.0067,0.6438,2.0,0.1071,0.0301,19.199,demo_synthetic
F0116,2021,186,6,8,32.2581,16.129,16.129,43.0108,10.5432,22.5302,-0.0141,0.4384,25.0,0.2018,0.1321,21.292,demo_synthetic
F0116,2022,183,5,7,27.3224,10.929,16.3934,38.2514,12.6287,22.4155,-0.0206,0.2987,8.0,0.4529,0.0051,30.652,demo_synthetic
F0116,2023,184,4,10,21.7391,16.3043,5.4348,54.3478,13.7182,22.0897,0.047,0.4378,20.0,0.0803,0.0742,21.436,demo_synthetic
F0117,2019,180,5,5,27.7778,22.2222,5.5556,27.7778,13.8743,21.8449,-0.0006,0.3966,7.0,0.5389,0.1219,42.038,demo_synthetic
F0117,2020,180,9,6,50.0,22.2222,27.7778,33.3333,7.4082,20.758,0.046,0.4585,6.0,0.2601,0.0896,44.449,demo_synthetic
F0117,2021,187,8,7,42.7807,21.3904,21.3904,37.4332,11.5147,23.0417,-0.0327,0.6018,6.0,-0.0436,0.0018,43.353,demo_synthetic
F0117,2022,184,11,6,59.7826,27.1739,32.6087,32.6087,10.6642,22.6777,0.0399,0.5658,23.0,0.2289,0.0376,47.796,demo_synthetic
F0117,2023,180,6,10,33.3333,27.7778,5.5556,55.5556,11.7697,21.5477,-0.0274,0.3592,15.0,-0.1497,-0.0105,38.023,demo_synthetic
F0118,2019,185,5,7,27.027,10.8108,16.2162,37.8378,15.7476,21.0404,0.0947,0.5115,15.0,0.313,0.0696,21.486,demo_synthetic
F0118,2020,179,2,7,11.1732,5.5866,5.5866,39.1061,17.6177,22.9441,0.0305,0.4221,3.0,0.2179,0.0141,24.369,demo_synthetic
F0118,2021,180,5,5,27.7778,11.1111,16.6667,27.7778,15.0309,23.8179,0.0666,0.0646,22.0,0.1933,-0.056,21.88,demo_synthetic
F0118,2022,180,5,6,27.7778,11.1111,16.6667,33.3333,12.3034,22.3583,0.0336,0.2971,13.0,0.5128,0.0456,36.963,demo_synthetic
F0118,2023,182,5,9,27.4725,21.978,5.4945,49.4505,15.0508,23.0259,0.0435,0.3957,6.0,0.0194,0.0316,29.632,demo_synthetic
F0119,2019,186,13,6,69.8925,48.3871,21.5054,32.2581,10.9024,23.9409,0.0973,0.5829,16.0,0.4103,-0.0285,51.549,demo_synthetic
F0119,2020,179,9,4,50.2793,27.933,22.3464,22.3464,13.2675,23.1753,0.0097,0.7971,8.0,0.1463,0.0965,56.006,demo_synthetic
F0119,2021,178,11,5,61.7978,39.3258,22.4719,28.0899,8.5844,22.5558,0.0056,0.0596,7.0,0.0529,0.0559,51.316,demo_synthetic
F0119,2022,179,5,5,27.933,16.7598,11.1732,27.933,15.7204,23.7682,-0.0283,0.1814,7.0,-0.123,0.0294,54.897,demo_synthetic
F0119,2023,181,10,7,55.2486,33.1492,22.0994,38.674,12.4156,23.3928,0.0125,0.0743,20.0,0.3848,0.0274,48.122,demo_synthetic
F0120,2019,178,1,7,5.618,5.618,0.0,39.3258,15.1903,22.8338,0.0039,0.3189,5.0,0.0691,0.0609,8.945,demo_synthetic
F0120,2020,185,2,9,10.8108,10.8108,0.0,48.6486,17.4798,21.8065,0.0297,0.4434,21.0,0.3339,0.1758,18.625,demo_synthetic
F0120,2021,183,3,11,16.3934,10.929,5.4645,60.1093,12.6255,20.6499,0.0545,0.7569,22.0,0.1077,-0.0791,13.422,demo_synthetic
F0120,2022,186,3,11,16.129,16.129,0.0,59.1398,16.0139,22.9911,0.0153,0.5311,6.0,0.0456,-0.0104,16.959,demo_synthetic
F0120,2023,189,2,12,10.582,0.0,10.582,63.4921,12.9537,19.9545,0.0166,0.2526,21.0,0.1268,0.048,9.74,demo_synthetic
